ARM GAS  /tmp/ccP6Vsm9.s 			page 1


   1              		.cpu cortex-m4
   2              		.arch armv7e-m
   3              		.fpu fpv4-sp-d16
   4              		.eabi_attribute 27, 1
   5              		.eabi_attribute 28, 1
   6              		.eabi_attribute 20, 1
   7              		.eabi_attribute 21, 1
   8              		.eabi_attribute 23, 3
   9              		.eabi_attribute 24, 1
  10              		.eabi_attribute 25, 1
  11              		.eabi_attribute 26, 1
  12              		.eabi_attribute 30, 1
  13              		.eabi_attribute 34, 1
  14              		.eabi_attribute 18, 4
  15              		.file	"main.c"
  16              		.text
  17              	.Ltext0:
  18              		.cfi_sections	.debug_frame
  19              		.section	.text.MX_NVIC_Init,"ax",%progbits
  20              		.align	1
  21              		.syntax unified
  22              		.thumb
  23              		.thumb_func
  25              	MX_NVIC_Init:
  26              	.LFB248:
  27              		.file 1 "Core/Src/main.c"
   1:Core/Src/main.c **** /* USER CODE BEGIN Header */
   2:Core/Src/main.c **** /**
   3:Core/Src/main.c ****  ******************************************************************************
   4:Core/Src/main.c ****  * @file           : main.c
   5:Core/Src/main.c ****  * @brief          : Main program body
   6:Core/Src/main.c ****  ******************************************************************************
   7:Core/Src/main.c ****  * @attention
   8:Core/Src/main.c ****  *
   9:Core/Src/main.c ****  * Copyright (c) 2025 STMicroelectronics.
  10:Core/Src/main.c ****  * All rights reserved.
  11:Core/Src/main.c ****  *
  12:Core/Src/main.c ****  * This software is licensed under terms that can be found in the LICENSE file
  13:Core/Src/main.c ****  * in the root directory of this software component.
  14:Core/Src/main.c ****  * If no LICENSE file comes with this software, it is provided AS-IS.
  15:Core/Src/main.c ****  *
  16:Core/Src/main.c ****  ******************************************************************************
  17:Core/Src/main.c ****  */
  18:Core/Src/main.c **** /* USER CODE END Header */
  19:Core/Src/main.c **** /* Includes ------------------------------------------------------------------*/
  20:Core/Src/main.c **** #include "main.h"
  21:Core/Src/main.c **** #include "adc.h"
  22:Core/Src/main.c **** #include "dma.h"
  23:Core/Src/main.c **** #include "tim.h"
  24:Core/Src/main.c **** #include "usart.h"
  25:Core/Src/main.c **** #include "gpio.h"
  26:Core/Src/main.c **** 
  27:Core/Src/main.c **** /* Private includes ----------------------------------------------------------*/
  28:Core/Src/main.c **** /* USER CODE BEGIN Includes */
  29:Core/Src/main.c **** #include <stdio.h>
  30:Core/Src/main.c **** #include <stdlib.h>
  31:Core/Src/main.c **** #include <string.h>
ARM GAS  /tmp/ccP6Vsm9.s 			page 2


  32:Core/Src/main.c **** /* USER CODE END Includes */
  33:Core/Src/main.c **** 
  34:Core/Src/main.c **** /* Private typedef -----------------------------------------------------------*/
  35:Core/Src/main.c **** /* USER CODE BEGIN PTD */
  36:Core/Src/main.c **** 
  37:Core/Src/main.c **** /* USER CODE END PTD */
  38:Core/Src/main.c **** 
  39:Core/Src/main.c **** /* Private define ------------------------------------------------------------*/
  40:Core/Src/main.c **** /* USER CODE BEGIN PD */
  41:Core/Src/main.c **** #define AVG_SLOPE (2.5F)
  42:Core/Src/main.c **** #define V_AT_25C (0.76F)
  43:Core/Src/main.c **** #define V_REF_INT (3.0F)
  44:Core/Src/main.c **** #define ADC_MAX_RES (4095)
  45:Core/Src/main.c **** /* USER CODE END PD */
  46:Core/Src/main.c **** 
  47:Core/Src/main.c **** /* Private macro -------------------------------------------------------------*/
  48:Core/Src/main.c **** /* USER CODE BEGIN PM */
  49:Core/Src/main.c **** 
  50:Core/Src/main.c **** /* USER CODE END PM */
  51:Core/Src/main.c **** 
  52:Core/Src/main.c **** /* Private variables ---------------------------------------------------------*/
  53:Core/Src/main.c **** 
  54:Core/Src/main.c **** /* USER CODE BEGIN PV */
  55:Core/Src/main.c **** 
  56:Core/Src/main.c **** /* USER CODE END PV */
  57:Core/Src/main.c **** 
  58:Core/Src/main.c **** /* Private function prototypes -----------------------------------------------*/
  59:Core/Src/main.c **** void SystemClock_Config(void);
  60:Core/Src/main.c **** static void MX_NVIC_Init(void);
  61:Core/Src/main.c **** /* USER CODE BEGIN PFP */
  62:Core/Src/main.c **** 
  63:Core/Src/main.c **** /* USER CODE END PFP */
  64:Core/Src/main.c **** 
  65:Core/Src/main.c **** /* Private user code ---------------------------------------------------------*/
  66:Core/Src/main.c **** /* USER CODE BEGIN 0 */
  67:Core/Src/main.c **** #define TX_BUFF_SIZE 30
  68:Core/Src/main.c **** #define TEMP_STRING "{\"temperature\":%.1f}\n\r"
  69:Core/Src/main.c **** volatile uint16_t adc_val[1];
  70:Core/Src/main.c **** volatile uint8_t cnv_cplt = 0;
  71:Core/Src/main.c **** double myTemp = 0.0;
  72:Core/Src/main.c **** char tx_buff[TX_BUFF_SIZE];
  73:Core/Src/main.c **** double calc_temp(uint8_t adc_val)
  74:Core/Src/main.c **** {
  75:Core/Src/main.c ****     double vsense = (double)(adc_val * V_REF_INT) / ADC_MAX_RES;
  76:Core/Src/main.c ****     double temp = ((vsense - V_AT_25C) / AVG_SLOPE) + 25;
  77:Core/Src/main.c ****     return temp;
  78:Core/Src/main.c **** }
  79:Core/Src/main.c **** void HAL_ADC_ConvCpltCallback(ADC_HandleTypeDef* hadc)
  80:Core/Src/main.c **** {
  81:Core/Src/main.c ****     HAL_GPIO_TogglePin(GPIOD, GPIO_PIN_13);
  82:Core/Src/main.c ****     cnv_cplt = 1;
  83:Core/Src/main.c ****     // HAL_GPIO_TogglePin(GPIOD, GPIO_PIN_13);
  84:Core/Src/main.c ****     // HAL_ADC_Stop_DMA(hadc); // Stop ADC after 1 conversion
  85:Core/Src/main.c **** }
  86:Core/Src/main.c **** // Enable TIM2 global interrupt in CubeMX
  87:Core/Src/main.c **** void HAL_TIM_PeriodElapsedCallback(TIM_HandleTypeDef* htim)
  88:Core/Src/main.c **** {
ARM GAS  /tmp/ccP6Vsm9.s 			page 3


  89:Core/Src/main.c ****     if (htim == &htim5)
  90:Core/Src/main.c ****     {
  91:Core/Src/main.c ****         HAL_GPIO_TogglePin(GPIOD, GPIO_PIN_14); // Should blink at TIM2 rate
  92:Core/Src/main.c ****     }
  93:Core/Src/main.c **** }
  94:Core/Src/main.c **** 
  95:Core/Src/main.c **** void HAL_UART_TxCpltCallback(UART_HandleTypeDef* huart)
  96:Core/Src/main.c **** {
  97:Core/Src/main.c ****     if (huart == &huart2)
  98:Core/Src/main.c ****     {
  99:Core/Src/main.c ****         HAL_GPIO_TogglePin(GPIOD, GPIO_PIN_12); // Should blink at TIM2 rate
 100:Core/Src/main.c ****     }
 101:Core/Src/main.c **** }
 102:Core/Src/main.c **** /* USER CODE END 0 */
 103:Core/Src/main.c **** 
 104:Core/Src/main.c **** /**
 105:Core/Src/main.c ****   * @brief  The application entry point.
 106:Core/Src/main.c ****   * @retval int
 107:Core/Src/main.c ****   */
 108:Core/Src/main.c **** int main(void)
 109:Core/Src/main.c **** {
 110:Core/Src/main.c **** 
 111:Core/Src/main.c ****   /* USER CODE BEGIN 1 */
 112:Core/Src/main.c **** 
 113:Core/Src/main.c ****   /* USER CODE END 1 */
 114:Core/Src/main.c **** 
 115:Core/Src/main.c ****   /* MCU Configuration--------------------------------------------------------*/
 116:Core/Src/main.c **** 
 117:Core/Src/main.c ****   /* Reset of all peripherals, Initializes the Flash interface and the Systick. */
 118:Core/Src/main.c ****   HAL_Init();
 119:Core/Src/main.c **** 
 120:Core/Src/main.c ****   /* USER CODE BEGIN Init */
 121:Core/Src/main.c **** 
 122:Core/Src/main.c ****   /* USER CODE END Init */
 123:Core/Src/main.c **** 
 124:Core/Src/main.c ****   /* Configure the system clock */
 125:Core/Src/main.c ****   SystemClock_Config();
 126:Core/Src/main.c **** 
 127:Core/Src/main.c ****   /* USER CODE BEGIN SysInit */
 128:Core/Src/main.c **** 
 129:Core/Src/main.c ****   /* USER CODE END SysInit */
 130:Core/Src/main.c **** 
 131:Core/Src/main.c ****   /* Initialize all configured peripherals */
 132:Core/Src/main.c ****   MX_DMA_Init();
 133:Core/Src/main.c ****   MX_GPIO_Init();
 134:Core/Src/main.c ****   MX_ADC1_Init();
 135:Core/Src/main.c ****   MX_USART1_UART_Init();
 136:Core/Src/main.c ****   MX_USART2_UART_Init();
 137:Core/Src/main.c ****   MX_TIM2_Init();
 138:Core/Src/main.c ****   MX_TIM5_Init();
 139:Core/Src/main.c **** 
 140:Core/Src/main.c ****   /* Initialize interrupts */
 141:Core/Src/main.c ****   MX_NVIC_Init();
 142:Core/Src/main.c ****   /* USER CODE BEGIN 2 */
 143:Core/Src/main.c **** 
 144:Core/Src/main.c ****   /* USER CODE END 2 */
 145:Core/Src/main.c **** 
ARM GAS  /tmp/ccP6Vsm9.s 			page 4


 146:Core/Src/main.c ****   /* Infinite loop */
 147:Core/Src/main.c ****   /* USER CODE BEGIN WHILE */
 148:Core/Src/main.c ****     // HAL_ADCEx_Calibration_Start(&hadc1);
 149:Core/Src/main.c ****     // HAL_TIM_Base_Start(&htim2);
 150:Core/Src/main.c ****     HAL_TIM_Base_Start(&htim2);
 151:Core/Src/main.c ****     HAL_TIM_Base_Start_IT(&htim5);
 152:Core/Src/main.c ****     HAL_ADC_Start_DMA(&hadc1, (uint32_t*)adc_val, 2);
 153:Core/Src/main.c ****     // HAL_ADC_PollForConversion();
 154:Core/Src/main.c ****     while (1)
 155:Core/Src/main.c ****     {
 156:Core/Src/main.c ****         if (cnv_cplt)
 157:Core/Src/main.c ****         {
 158:Core/Src/main.c ****             cnv_cplt = 0;
 159:Core/Src/main.c ****             myTemp = calc_temp(adc_val[0]);
 160:Core/Src/main.c ****             snprintf(tx_buff, TX_BUFF_SIZE, "{\"temperature\":%.1f}\n\r",
 161:Core/Src/main.c ****                      myTemp);
 162:Core/Src/main.c ****             HAL_UART_Transmit_DMA(&huart2, (uint8_t*)tx_buff, TX_BUFF_SIZE);
 163:Core/Src/main.c ****         }
 164:Core/Src/main.c ****     /* USER CODE END WHILE */
 165:Core/Src/main.c **** 
 166:Core/Src/main.c ****     /* USER CODE BEGIN 3 */
 167:Core/Src/main.c ****     }
 168:Core/Src/main.c ****   /* USER CODE END 3 */
 169:Core/Src/main.c **** }
 170:Core/Src/main.c **** 
 171:Core/Src/main.c **** /**
 172:Core/Src/main.c ****   * @brief System Clock Configuration
 173:Core/Src/main.c ****   * @retval None
 174:Core/Src/main.c ****   */
 175:Core/Src/main.c **** void SystemClock_Config(void)
 176:Core/Src/main.c **** {
 177:Core/Src/main.c ****   RCC_OscInitTypeDef RCC_OscInitStruct = {0};
 178:Core/Src/main.c ****   RCC_ClkInitTypeDef RCC_ClkInitStruct = {0};
 179:Core/Src/main.c **** 
 180:Core/Src/main.c ****   /** Configure the main internal regulator output voltage
 181:Core/Src/main.c ****   */
 182:Core/Src/main.c ****   __HAL_RCC_PWR_CLK_ENABLE();
 183:Core/Src/main.c ****   __HAL_PWR_VOLTAGESCALING_CONFIG(PWR_REGULATOR_VOLTAGE_SCALE1);
 184:Core/Src/main.c **** 
 185:Core/Src/main.c ****   /** Initializes the RCC Oscillators according to the specified parameters
 186:Core/Src/main.c ****   * in the RCC_OscInitTypeDef structure.
 187:Core/Src/main.c ****   */
 188:Core/Src/main.c ****   RCC_OscInitStruct.OscillatorType = RCC_OSCILLATORTYPE_HSI;
 189:Core/Src/main.c ****   RCC_OscInitStruct.HSIState = RCC_HSI_ON;
 190:Core/Src/main.c ****   RCC_OscInitStruct.HSICalibrationValue = RCC_HSICALIBRATION_DEFAULT;
 191:Core/Src/main.c ****   RCC_OscInitStruct.PLL.PLLState = RCC_PLL_NONE;
 192:Core/Src/main.c ****   if (HAL_RCC_OscConfig(&RCC_OscInitStruct) != HAL_OK)
 193:Core/Src/main.c ****   {
 194:Core/Src/main.c ****     Error_Handler();
 195:Core/Src/main.c ****   }
 196:Core/Src/main.c **** 
 197:Core/Src/main.c ****   /** Initializes the CPU, AHB and APB buses clocks
 198:Core/Src/main.c ****   */
 199:Core/Src/main.c ****   RCC_ClkInitStruct.ClockType = RCC_CLOCKTYPE_HCLK|RCC_CLOCKTYPE_SYSCLK
 200:Core/Src/main.c ****                               |RCC_CLOCKTYPE_PCLK1|RCC_CLOCKTYPE_PCLK2;
 201:Core/Src/main.c ****   RCC_ClkInitStruct.SYSCLKSource = RCC_SYSCLKSOURCE_HSI;
 202:Core/Src/main.c ****   RCC_ClkInitStruct.AHBCLKDivider = RCC_SYSCLK_DIV1;
ARM GAS  /tmp/ccP6Vsm9.s 			page 5


 203:Core/Src/main.c ****   RCC_ClkInitStruct.APB1CLKDivider = RCC_HCLK_DIV1;
 204:Core/Src/main.c ****   RCC_ClkInitStruct.APB2CLKDivider = RCC_HCLK_DIV1;
 205:Core/Src/main.c **** 
 206:Core/Src/main.c ****   if (HAL_RCC_ClockConfig(&RCC_ClkInitStruct, FLASH_LATENCY_0) != HAL_OK)
 207:Core/Src/main.c ****   {
 208:Core/Src/main.c ****     Error_Handler();
 209:Core/Src/main.c ****   }
 210:Core/Src/main.c **** }
 211:Core/Src/main.c **** 
 212:Core/Src/main.c **** /**
 213:Core/Src/main.c ****   * @brief NVIC Configuration.
 214:Core/Src/main.c ****   * @retval None
 215:Core/Src/main.c ****   */
 216:Core/Src/main.c **** static void MX_NVIC_Init(void)
 217:Core/Src/main.c **** {
  28              		.loc 1 217 1 view -0
  29              		.cfi_startproc
  30              		@ args = 0, pretend = 0, frame = 0
  31              		@ frame_needed = 0, uses_anonymous_args = 0
  32 0000 08B5     		push	{r3, lr}
  33              	.LCFI0:
  34              		.cfi_def_cfa_offset 8
  35              		.cfi_offset 3, -8
  36              		.cfi_offset 14, -4
 218:Core/Src/main.c ****   /* DMA2_Stream0_IRQn interrupt configuration */
 219:Core/Src/main.c ****   HAL_NVIC_SetPriority(DMA2_Stream0_IRQn, 0, 0);
  37              		.loc 1 219 3 view .LVU1
  38 0002 0022     		movs	r2, #0
  39 0004 1146     		mov	r1, r2
  40 0006 3820     		movs	r0, #56
  41 0008 FFF7FEFF 		bl	HAL_NVIC_SetPriority
  42              	.LVL0:
 220:Core/Src/main.c ****   HAL_NVIC_EnableIRQ(DMA2_Stream0_IRQn);
  43              		.loc 1 220 3 view .LVU2
  44 000c 3820     		movs	r0, #56
  45 000e FFF7FEFF 		bl	HAL_NVIC_EnableIRQ
  46              	.LVL1:
 221:Core/Src/main.c ****   /* DMA1_Stream6_IRQn interrupt configuration */
 222:Core/Src/main.c ****   HAL_NVIC_SetPriority(DMA1_Stream6_IRQn, 0, 0);
  47              		.loc 1 222 3 view .LVU3
  48 0012 0022     		movs	r2, #0
  49 0014 1146     		mov	r1, r2
  50 0016 1120     		movs	r0, #17
  51 0018 FFF7FEFF 		bl	HAL_NVIC_SetPriority
  52              	.LVL2:
 223:Core/Src/main.c ****   HAL_NVIC_EnableIRQ(DMA1_Stream6_IRQn);
  53              		.loc 1 223 3 view .LVU4
  54 001c 1120     		movs	r0, #17
  55 001e FFF7FEFF 		bl	HAL_NVIC_EnableIRQ
  56              	.LVL3:
 224:Core/Src/main.c ****   /* USART2_IRQn interrupt configuration */
 225:Core/Src/main.c ****   HAL_NVIC_SetPriority(USART2_IRQn, 0, 0);
  57              		.loc 1 225 3 view .LVU5
  58 0022 0022     		movs	r2, #0
  59 0024 1146     		mov	r1, r2
  60 0026 2620     		movs	r0, #38
  61 0028 FFF7FEFF 		bl	HAL_NVIC_SetPriority
ARM GAS  /tmp/ccP6Vsm9.s 			page 6


  62              	.LVL4:
 226:Core/Src/main.c ****   HAL_NVIC_EnableIRQ(USART2_IRQn);
  63              		.loc 1 226 3 view .LVU6
  64 002c 2620     		movs	r0, #38
  65 002e FFF7FEFF 		bl	HAL_NVIC_EnableIRQ
  66              	.LVL5:
 227:Core/Src/main.c **** }
  67              		.loc 1 227 1 is_stmt 0 view .LVU7
  68 0032 08BD     		pop	{r3, pc}
  69              		.cfi_endproc
  70              	.LFE248:
  72              		.global	__aeabi_f2d
  73              		.global	__aeabi_ddiv
  74              		.global	__aeabi_dsub
  75              		.global	__aeabi_dadd
  76              		.section	.text.calc_temp,"ax",%progbits
  77              		.align	1
  78              		.global	calc_temp
  79              		.syntax unified
  80              		.thumb
  81              		.thumb_func
  83              	calc_temp:
  84              	.LVL6:
  85              	.LFB242:
  74:Core/Src/main.c ****     double vsense = (double)(adc_val * V_REF_INT) / ADC_MAX_RES;
  86              		.loc 1 74 1 is_stmt 1 view -0
  87              		.cfi_startproc
  88              		@ args = 0, pretend = 0, frame = 0
  89              		@ frame_needed = 0, uses_anonymous_args = 0
  74:Core/Src/main.c ****     double vsense = (double)(adc_val * V_REF_INT) / ADC_MAX_RES;
  90              		.loc 1 74 1 is_stmt 0 view .LVU9
  91 0000 08B5     		push	{r3, lr}
  92              	.LCFI1:
  93              		.cfi_def_cfa_offset 8
  94              		.cfi_offset 3, -8
  95              		.cfi_offset 14, -4
  96 0002 07EE900A 		vmov	s15, r0	@ int
  75:Core/Src/main.c ****     double temp = ((vsense - V_AT_25C) / AVG_SLOPE) + 25;
  97              		.loc 1 75 5 is_stmt 1 view .LVU10
  75:Core/Src/main.c ****     double temp = ((vsense - V_AT_25C) / AVG_SLOPE) + 25;
  98              		.loc 1 75 38 is_stmt 0 view .LVU11
  99 0006 F8EEE77A 		vcvt.f32.s32	s15, s15
  75:Core/Src/main.c ****     double temp = ((vsense - V_AT_25C) / AVG_SLOPE) + 25;
 100              		.loc 1 75 21 view .LVU12
 101 000a B0EE087A 		vmov.f32	s14, #3.0e+0
 102 000e 67EE877A 		vmul.f32	s15, s15, s14
 103 0012 17EE900A 		vmov	r0, s15
 104              	.LVL7:
  75:Core/Src/main.c ****     double temp = ((vsense - V_AT_25C) / AVG_SLOPE) + 25;
 105              		.loc 1 75 21 view .LVU13
 106 0016 FFF7FEFF 		bl	__aeabi_f2d
 107              	.LVL8:
  75:Core/Src/main.c ****     double temp = ((vsense - V_AT_25C) / AVG_SLOPE) + 25;
 108              		.loc 1 75 12 view .LVU14
 109 001a 0DA3     		adr	r3, .L5+8
 110 001c D3E90023 		ldrd	r2, [r3]
 111 0020 FFF7FEFF 		bl	__aeabi_ddiv
ARM GAS  /tmp/ccP6Vsm9.s 			page 7


 112              	.LVL9:
  76:Core/Src/main.c ****     return temp;
 113              		.loc 1 76 5 is_stmt 1 view .LVU15
  76:Core/Src/main.c ****     return temp;
 114              		.loc 1 76 28 is_stmt 0 view .LVU16
 115 0024 0CA3     		adr	r3, .L5+16
 116 0026 D3E90023 		ldrd	r2, [r3]
 117 002a FFF7FEFF 		bl	__aeabi_dsub
 118              	.LVL10:
  76:Core/Src/main.c ****     return temp;
 119              		.loc 1 76 40 view .LVU17
 120 002e 0022     		movs	r2, #0
 121 0030 054B     		ldr	r3, .L5
 122 0032 FFF7FEFF 		bl	__aeabi_ddiv
 123              	.LVL11:
  76:Core/Src/main.c ****     return temp;
 124              		.loc 1 76 12 view .LVU18
 125 0036 0022     		movs	r2, #0
 126 0038 044B     		ldr	r3, .L5+4
 127 003a FFF7FEFF 		bl	__aeabi_dadd
 128              	.LVL12:
  77:Core/Src/main.c **** }
 129              		.loc 1 77 5 is_stmt 1 view .LVU19
  78:Core/Src/main.c **** void HAL_ADC_ConvCpltCallback(ADC_HandleTypeDef* hadc)
 130              		.loc 1 78 1 is_stmt 0 view .LVU20
 131 003e 41EC100B 		vmov	d0, r0, r1
 132 0042 08BD     		pop	{r3, pc}
 133              	.L6:
 134 0044 AFF30080 		.align	3
 135              	.L5:
 136 0048 00000440 		.word	1074003968
 137 004c 00003940 		.word	1077477376
 138 0050 00000000 		.word	0
 139 0054 00FEAF40 		.word	1085275648
 140 0058 00000080 		.word	-2147483648
 141 005c EB51E83F 		.word	1072189931
 142              		.cfi_endproc
 143              	.LFE242:
 145              		.section	.text.HAL_ADC_ConvCpltCallback,"ax",%progbits
 146              		.align	1
 147              		.global	HAL_ADC_ConvCpltCallback
 148              		.syntax unified
 149              		.thumb
 150              		.thumb_func
 152              	HAL_ADC_ConvCpltCallback:
 153              	.LVL13:
 154              	.LFB243:
  80:Core/Src/main.c ****     HAL_GPIO_TogglePin(GPIOD, GPIO_PIN_13);
 155              		.loc 1 80 1 is_stmt 1 view -0
 156              		.cfi_startproc
 157              		@ args = 0, pretend = 0, frame = 0
 158              		@ frame_needed = 0, uses_anonymous_args = 0
  80:Core/Src/main.c ****     HAL_GPIO_TogglePin(GPIOD, GPIO_PIN_13);
 159              		.loc 1 80 1 is_stmt 0 view .LVU22
 160 0000 08B5     		push	{r3, lr}
 161              	.LCFI2:
 162              		.cfi_def_cfa_offset 8
ARM GAS  /tmp/ccP6Vsm9.s 			page 8


 163              		.cfi_offset 3, -8
 164              		.cfi_offset 14, -4
  81:Core/Src/main.c ****     cnv_cplt = 1;
 165              		.loc 1 81 5 is_stmt 1 view .LVU23
 166 0002 4FF40051 		mov	r1, #8192
 167 0006 0348     		ldr	r0, .L9
 168              	.LVL14:
  81:Core/Src/main.c ****     cnv_cplt = 1;
 169              		.loc 1 81 5 is_stmt 0 view .LVU24
 170 0008 FFF7FEFF 		bl	HAL_GPIO_TogglePin
 171              	.LVL15:
  82:Core/Src/main.c ****     // HAL_GPIO_TogglePin(GPIOD, GPIO_PIN_13);
 172              		.loc 1 82 5 is_stmt 1 view .LVU25
  82:Core/Src/main.c ****     // HAL_GPIO_TogglePin(GPIOD, GPIO_PIN_13);
 173              		.loc 1 82 14 is_stmt 0 view .LVU26
 174 000c 024B     		ldr	r3, .L9+4
 175 000e 0122     		movs	r2, #1
 176 0010 1A70     		strb	r2, [r3]
  85:Core/Src/main.c **** // Enable TIM2 global interrupt in CubeMX
 177              		.loc 1 85 1 view .LVU27
 178 0012 08BD     		pop	{r3, pc}
 179              	.L10:
 180              		.align	2
 181              	.L9:
 182 0014 000C0240 		.word	1073875968
 183 0018 00000000 		.word	.LANCHOR0
 184              		.cfi_endproc
 185              	.LFE243:
 187              		.section	.text.HAL_TIM_PeriodElapsedCallback,"ax",%progbits
 188              		.align	1
 189              		.global	HAL_TIM_PeriodElapsedCallback
 190              		.syntax unified
 191              		.thumb
 192              		.thumb_func
 194              	HAL_TIM_PeriodElapsedCallback:
 195              	.LVL16:
 196              	.LFB244:
  88:Core/Src/main.c ****     if (htim == &htim5)
 197              		.loc 1 88 1 is_stmt 1 view -0
 198              		.cfi_startproc
 199              		@ args = 0, pretend = 0, frame = 0
 200              		@ frame_needed = 0, uses_anonymous_args = 0
  88:Core/Src/main.c ****     if (htim == &htim5)
 201              		.loc 1 88 1 is_stmt 0 view .LVU29
 202 0000 08B5     		push	{r3, lr}
 203              	.LCFI3:
 204              		.cfi_def_cfa_offset 8
 205              		.cfi_offset 3, -8
 206              		.cfi_offset 14, -4
  89:Core/Src/main.c ****     {
 207              		.loc 1 89 5 is_stmt 1 view .LVU30
  89:Core/Src/main.c ****     {
 208              		.loc 1 89 8 is_stmt 0 view .LVU31
 209 0002 054B     		ldr	r3, .L15
 210 0004 8342     		cmp	r3, r0
 211 0006 00D0     		beq	.L14
 212              	.LVL17:
ARM GAS  /tmp/ccP6Vsm9.s 			page 9


 213              	.L11:
  93:Core/Src/main.c **** 
 214              		.loc 1 93 1 view .LVU32
 215 0008 08BD     		pop	{r3, pc}
 216              	.LVL18:
 217              	.L14:
  91:Core/Src/main.c ****     }
 218              		.loc 1 91 9 is_stmt 1 view .LVU33
 219 000a 4FF48041 		mov	r1, #16384
 220 000e 0348     		ldr	r0, .L15+4
 221              	.LVL19:
  91:Core/Src/main.c ****     }
 222              		.loc 1 91 9 is_stmt 0 view .LVU34
 223 0010 FFF7FEFF 		bl	HAL_GPIO_TogglePin
 224              	.LVL20:
  93:Core/Src/main.c **** 
 225              		.loc 1 93 1 view .LVU35
 226 0014 F8E7     		b	.L11
 227              	.L16:
 228 0016 00BF     		.align	2
 229              	.L15:
 230 0018 00000000 		.word	htim5
 231 001c 000C0240 		.word	1073875968
 232              		.cfi_endproc
 233              	.LFE244:
 235              		.section	.text.HAL_UART_TxCpltCallback,"ax",%progbits
 236              		.align	1
 237              		.global	HAL_UART_TxCpltCallback
 238              		.syntax unified
 239              		.thumb
 240              		.thumb_func
 242              	HAL_UART_TxCpltCallback:
 243              	.LVL21:
 244              	.LFB245:
  96:Core/Src/main.c ****     if (huart == &huart2)
 245              		.loc 1 96 1 is_stmt 1 view -0
 246              		.cfi_startproc
 247              		@ args = 0, pretend = 0, frame = 0
 248              		@ frame_needed = 0, uses_anonymous_args = 0
  96:Core/Src/main.c ****     if (huart == &huart2)
 249              		.loc 1 96 1 is_stmt 0 view .LVU37
 250 0000 08B5     		push	{r3, lr}
 251              	.LCFI4:
 252              		.cfi_def_cfa_offset 8
 253              		.cfi_offset 3, -8
 254              		.cfi_offset 14, -4
  97:Core/Src/main.c ****     {
 255              		.loc 1 97 5 is_stmt 1 view .LVU38
  97:Core/Src/main.c ****     {
 256              		.loc 1 97 8 is_stmt 0 view .LVU39
 257 0002 054B     		ldr	r3, .L21
 258 0004 8342     		cmp	r3, r0
 259 0006 00D0     		beq	.L20
 260              	.LVL22:
 261              	.L17:
 101:Core/Src/main.c **** /* USER CODE END 0 */
 262              		.loc 1 101 1 view .LVU40
ARM GAS  /tmp/ccP6Vsm9.s 			page 10


 263 0008 08BD     		pop	{r3, pc}
 264              	.LVL23:
 265              	.L20:
  99:Core/Src/main.c ****     }
 266              		.loc 1 99 9 is_stmt 1 view .LVU41
 267 000a 4FF48051 		mov	r1, #4096
 268 000e 0348     		ldr	r0, .L21+4
 269              	.LVL24:
  99:Core/Src/main.c ****     }
 270              		.loc 1 99 9 is_stmt 0 view .LVU42
 271 0010 FFF7FEFF 		bl	HAL_GPIO_TogglePin
 272              	.LVL25:
 101:Core/Src/main.c **** /* USER CODE END 0 */
 273              		.loc 1 101 1 view .LVU43
 274 0014 F8E7     		b	.L17
 275              	.L22:
 276 0016 00BF     		.align	2
 277              	.L21:
 278 0018 00000000 		.word	huart2
 279 001c 000C0240 		.word	1073875968
 280              		.cfi_endproc
 281              	.LFE245:
 283              		.section	.text.Error_Handler,"ax",%progbits
 284              		.align	1
 285              		.global	Error_Handler
 286              		.syntax unified
 287              		.thumb
 288              		.thumb_func
 290              	Error_Handler:
 291              	.LFB249:
 228:Core/Src/main.c **** 
 229:Core/Src/main.c **** /* USER CODE BEGIN 4 */
 230:Core/Src/main.c **** 
 231:Core/Src/main.c **** /* USER CODE END 4 */
 232:Core/Src/main.c **** 
 233:Core/Src/main.c **** /**
 234:Core/Src/main.c ****   * @brief  This function is executed in case of error occurrence.
 235:Core/Src/main.c ****   * @retval None
 236:Core/Src/main.c ****   */
 237:Core/Src/main.c **** void Error_Handler(void)
 238:Core/Src/main.c **** {
 292              		.loc 1 238 1 is_stmt 1 view -0
 293              		.cfi_startproc
 294              		@ Volatile: function does not return.
 295              		@ args = 0, pretend = 0, frame = 0
 296              		@ frame_needed = 0, uses_anonymous_args = 0
 297              		@ link register save eliminated.
 239:Core/Src/main.c ****   /* USER CODE BEGIN Error_Handler_Debug */
 240:Core/Src/main.c ****     /* User can add his own implementation to report the HAL error return state
 241:Core/Src/main.c ****      */
 242:Core/Src/main.c ****     __disable_irq();
 298              		.loc 1 242 5 view .LVU45
 299              	.LBB4:
 300              	.LBI4:
 301              		.file 2 "Drivers/CMSIS/Include/cmsis_gcc.h"
   1:Drivers/CMSIS/Include/cmsis_gcc.h **** /**************************************************************************//**
   2:Drivers/CMSIS/Include/cmsis_gcc.h ****  * @file     cmsis_gcc.h
ARM GAS  /tmp/ccP6Vsm9.s 			page 11


   3:Drivers/CMSIS/Include/cmsis_gcc.h ****  * @brief    CMSIS compiler GCC header file
   4:Drivers/CMSIS/Include/cmsis_gcc.h ****  * @version  V5.4.1
   5:Drivers/CMSIS/Include/cmsis_gcc.h ****  * @date     27. May 2021
   6:Drivers/CMSIS/Include/cmsis_gcc.h ****  ******************************************************************************/
   7:Drivers/CMSIS/Include/cmsis_gcc.h **** /*
   8:Drivers/CMSIS/Include/cmsis_gcc.h ****  * Copyright (c) 2009-2021 Arm Limited. All rights reserved.
   9:Drivers/CMSIS/Include/cmsis_gcc.h ****  *
  10:Drivers/CMSIS/Include/cmsis_gcc.h ****  * SPDX-License-Identifier: Apache-2.0
  11:Drivers/CMSIS/Include/cmsis_gcc.h ****  *
  12:Drivers/CMSIS/Include/cmsis_gcc.h ****  * Licensed under the Apache License, Version 2.0 (the License); you may
  13:Drivers/CMSIS/Include/cmsis_gcc.h ****  * not use this file except in compliance with the License.
  14:Drivers/CMSIS/Include/cmsis_gcc.h ****  * You may obtain a copy of the License at
  15:Drivers/CMSIS/Include/cmsis_gcc.h ****  *
  16:Drivers/CMSIS/Include/cmsis_gcc.h ****  * www.apache.org/licenses/LICENSE-2.0
  17:Drivers/CMSIS/Include/cmsis_gcc.h ****  *
  18:Drivers/CMSIS/Include/cmsis_gcc.h ****  * Unless required by applicable law or agreed to in writing, software
  19:Drivers/CMSIS/Include/cmsis_gcc.h ****  * distributed under the License is distributed on an AS IS BASIS, WITHOUT
  20:Drivers/CMSIS/Include/cmsis_gcc.h ****  * WARRANTIES OR CONDITIONS OF ANY KIND, either express or implied.
  21:Drivers/CMSIS/Include/cmsis_gcc.h ****  * See the License for the specific language governing permissions and
  22:Drivers/CMSIS/Include/cmsis_gcc.h ****  * limitations under the License.
  23:Drivers/CMSIS/Include/cmsis_gcc.h ****  */
  24:Drivers/CMSIS/Include/cmsis_gcc.h **** 
  25:Drivers/CMSIS/Include/cmsis_gcc.h **** #ifndef __CMSIS_GCC_H
  26:Drivers/CMSIS/Include/cmsis_gcc.h **** #define __CMSIS_GCC_H
  27:Drivers/CMSIS/Include/cmsis_gcc.h **** 
  28:Drivers/CMSIS/Include/cmsis_gcc.h **** /* ignore some GCC warnings */
  29:Drivers/CMSIS/Include/cmsis_gcc.h **** #pragma GCC diagnostic push
  30:Drivers/CMSIS/Include/cmsis_gcc.h **** #pragma GCC diagnostic ignored "-Wsign-conversion"
  31:Drivers/CMSIS/Include/cmsis_gcc.h **** #pragma GCC diagnostic ignored "-Wconversion"
  32:Drivers/CMSIS/Include/cmsis_gcc.h **** #pragma GCC diagnostic ignored "-Wunused-parameter"
  33:Drivers/CMSIS/Include/cmsis_gcc.h **** 
  34:Drivers/CMSIS/Include/cmsis_gcc.h **** /* Fallback for __has_builtin */
  35:Drivers/CMSIS/Include/cmsis_gcc.h **** #ifndef __has_builtin
  36:Drivers/CMSIS/Include/cmsis_gcc.h ****   #define __has_builtin(x) (0)
  37:Drivers/CMSIS/Include/cmsis_gcc.h **** #endif
  38:Drivers/CMSIS/Include/cmsis_gcc.h **** 
  39:Drivers/CMSIS/Include/cmsis_gcc.h **** /* CMSIS compiler specific defines */
  40:Drivers/CMSIS/Include/cmsis_gcc.h **** #ifndef   __ASM
  41:Drivers/CMSIS/Include/cmsis_gcc.h ****   #define __ASM                                  __asm
  42:Drivers/CMSIS/Include/cmsis_gcc.h **** #endif
  43:Drivers/CMSIS/Include/cmsis_gcc.h **** #ifndef   __INLINE
  44:Drivers/CMSIS/Include/cmsis_gcc.h ****   #define __INLINE                               inline
  45:Drivers/CMSIS/Include/cmsis_gcc.h **** #endif
  46:Drivers/CMSIS/Include/cmsis_gcc.h **** #ifndef   __STATIC_INLINE
  47:Drivers/CMSIS/Include/cmsis_gcc.h ****   #define __STATIC_INLINE                        static inline
  48:Drivers/CMSIS/Include/cmsis_gcc.h **** #endif
  49:Drivers/CMSIS/Include/cmsis_gcc.h **** #ifndef   __STATIC_FORCEINLINE
  50:Drivers/CMSIS/Include/cmsis_gcc.h ****   #define __STATIC_FORCEINLINE                   __attribute__((always_inline)) static inline
  51:Drivers/CMSIS/Include/cmsis_gcc.h **** #endif
  52:Drivers/CMSIS/Include/cmsis_gcc.h **** #ifndef   __NO_RETURN
  53:Drivers/CMSIS/Include/cmsis_gcc.h ****   #define __NO_RETURN                            __attribute__((__noreturn__))
  54:Drivers/CMSIS/Include/cmsis_gcc.h **** #endif
  55:Drivers/CMSIS/Include/cmsis_gcc.h **** #ifndef   __USED
  56:Drivers/CMSIS/Include/cmsis_gcc.h ****   #define __USED                                 __attribute__((used))
  57:Drivers/CMSIS/Include/cmsis_gcc.h **** #endif
  58:Drivers/CMSIS/Include/cmsis_gcc.h **** #ifndef   __WEAK
  59:Drivers/CMSIS/Include/cmsis_gcc.h ****   #define __WEAK                                 __attribute__((weak))
ARM GAS  /tmp/ccP6Vsm9.s 			page 12


  60:Drivers/CMSIS/Include/cmsis_gcc.h **** #endif
  61:Drivers/CMSIS/Include/cmsis_gcc.h **** #ifndef   __PACKED
  62:Drivers/CMSIS/Include/cmsis_gcc.h ****   #define __PACKED                               __attribute__((packed, aligned(1)))
  63:Drivers/CMSIS/Include/cmsis_gcc.h **** #endif
  64:Drivers/CMSIS/Include/cmsis_gcc.h **** #ifndef   __PACKED_STRUCT
  65:Drivers/CMSIS/Include/cmsis_gcc.h ****   #define __PACKED_STRUCT                        struct __attribute__((packed, aligned(1)))
  66:Drivers/CMSIS/Include/cmsis_gcc.h **** #endif
  67:Drivers/CMSIS/Include/cmsis_gcc.h **** #ifndef   __PACKED_UNION
  68:Drivers/CMSIS/Include/cmsis_gcc.h ****   #define __PACKED_UNION                         union __attribute__((packed, aligned(1)))
  69:Drivers/CMSIS/Include/cmsis_gcc.h **** #endif
  70:Drivers/CMSIS/Include/cmsis_gcc.h **** #ifndef   __UNALIGNED_UINT32        /* deprecated */
  71:Drivers/CMSIS/Include/cmsis_gcc.h ****   #pragma GCC diagnostic push
  72:Drivers/CMSIS/Include/cmsis_gcc.h ****   #pragma GCC diagnostic ignored "-Wpacked"
  73:Drivers/CMSIS/Include/cmsis_gcc.h ****   #pragma GCC diagnostic ignored "-Wattributes"
  74:Drivers/CMSIS/Include/cmsis_gcc.h ****   struct __attribute__((packed)) T_UINT32 { uint32_t v; };
  75:Drivers/CMSIS/Include/cmsis_gcc.h ****   #pragma GCC diagnostic pop
  76:Drivers/CMSIS/Include/cmsis_gcc.h ****   #define __UNALIGNED_UINT32(x)                  (((struct T_UINT32 *)(x))->v)
  77:Drivers/CMSIS/Include/cmsis_gcc.h **** #endif
  78:Drivers/CMSIS/Include/cmsis_gcc.h **** #ifndef   __UNALIGNED_UINT16_WRITE
  79:Drivers/CMSIS/Include/cmsis_gcc.h ****   #pragma GCC diagnostic push
  80:Drivers/CMSIS/Include/cmsis_gcc.h ****   #pragma GCC diagnostic ignored "-Wpacked"
  81:Drivers/CMSIS/Include/cmsis_gcc.h ****   #pragma GCC diagnostic ignored "-Wattributes"
  82:Drivers/CMSIS/Include/cmsis_gcc.h ****   __PACKED_STRUCT T_UINT16_WRITE { uint16_t v; };
  83:Drivers/CMSIS/Include/cmsis_gcc.h ****   #pragma GCC diagnostic pop
  84:Drivers/CMSIS/Include/cmsis_gcc.h ****   #define __UNALIGNED_UINT16_WRITE(addr, val)    (void)((((struct T_UINT16_WRITE *)(void *)(addr))-
  85:Drivers/CMSIS/Include/cmsis_gcc.h **** #endif
  86:Drivers/CMSIS/Include/cmsis_gcc.h **** #ifndef   __UNALIGNED_UINT16_READ
  87:Drivers/CMSIS/Include/cmsis_gcc.h ****   #pragma GCC diagnostic push
  88:Drivers/CMSIS/Include/cmsis_gcc.h ****   #pragma GCC diagnostic ignored "-Wpacked"
  89:Drivers/CMSIS/Include/cmsis_gcc.h ****   #pragma GCC diagnostic ignored "-Wattributes"
  90:Drivers/CMSIS/Include/cmsis_gcc.h ****   __PACKED_STRUCT T_UINT16_READ { uint16_t v; };
  91:Drivers/CMSIS/Include/cmsis_gcc.h ****   #pragma GCC diagnostic pop
  92:Drivers/CMSIS/Include/cmsis_gcc.h ****   #define __UNALIGNED_UINT16_READ(addr)          (((const struct T_UINT16_READ *)(const void *)(add
  93:Drivers/CMSIS/Include/cmsis_gcc.h **** #endif
  94:Drivers/CMSIS/Include/cmsis_gcc.h **** #ifndef   __UNALIGNED_UINT32_WRITE
  95:Drivers/CMSIS/Include/cmsis_gcc.h ****   #pragma GCC diagnostic push
  96:Drivers/CMSIS/Include/cmsis_gcc.h ****   #pragma GCC diagnostic ignored "-Wpacked"
  97:Drivers/CMSIS/Include/cmsis_gcc.h ****   #pragma GCC diagnostic ignored "-Wattributes"
  98:Drivers/CMSIS/Include/cmsis_gcc.h ****   __PACKED_STRUCT T_UINT32_WRITE { uint32_t v; };
  99:Drivers/CMSIS/Include/cmsis_gcc.h ****   #pragma GCC diagnostic pop
 100:Drivers/CMSIS/Include/cmsis_gcc.h ****   #define __UNALIGNED_UINT32_WRITE(addr, val)    (void)((((struct T_UINT32_WRITE *)(void *)(addr))-
 101:Drivers/CMSIS/Include/cmsis_gcc.h **** #endif
 102:Drivers/CMSIS/Include/cmsis_gcc.h **** #ifndef   __UNALIGNED_UINT32_READ
 103:Drivers/CMSIS/Include/cmsis_gcc.h ****   #pragma GCC diagnostic push
 104:Drivers/CMSIS/Include/cmsis_gcc.h ****   #pragma GCC diagnostic ignored "-Wpacked"
 105:Drivers/CMSIS/Include/cmsis_gcc.h ****   #pragma GCC diagnostic ignored "-Wattributes"
 106:Drivers/CMSIS/Include/cmsis_gcc.h ****   __PACKED_STRUCT T_UINT32_READ { uint32_t v; };
 107:Drivers/CMSIS/Include/cmsis_gcc.h ****   #pragma GCC diagnostic pop
 108:Drivers/CMSIS/Include/cmsis_gcc.h ****   #define __UNALIGNED_UINT32_READ(addr)          (((const struct T_UINT32_READ *)(const void *)(add
 109:Drivers/CMSIS/Include/cmsis_gcc.h **** #endif
 110:Drivers/CMSIS/Include/cmsis_gcc.h **** #ifndef   __ALIGNED
 111:Drivers/CMSIS/Include/cmsis_gcc.h ****   #define __ALIGNED(x)                           __attribute__((aligned(x)))
 112:Drivers/CMSIS/Include/cmsis_gcc.h **** #endif
 113:Drivers/CMSIS/Include/cmsis_gcc.h **** #ifndef   __RESTRICT
 114:Drivers/CMSIS/Include/cmsis_gcc.h ****   #define __RESTRICT                             __restrict
 115:Drivers/CMSIS/Include/cmsis_gcc.h **** #endif
 116:Drivers/CMSIS/Include/cmsis_gcc.h **** #ifndef   __COMPILER_BARRIER
ARM GAS  /tmp/ccP6Vsm9.s 			page 13


 117:Drivers/CMSIS/Include/cmsis_gcc.h ****   #define __COMPILER_BARRIER()                   __ASM volatile("":::"memory")
 118:Drivers/CMSIS/Include/cmsis_gcc.h **** #endif
 119:Drivers/CMSIS/Include/cmsis_gcc.h **** 
 120:Drivers/CMSIS/Include/cmsis_gcc.h **** /* #########################  Startup and Lowlevel Init  ######################## */
 121:Drivers/CMSIS/Include/cmsis_gcc.h **** 
 122:Drivers/CMSIS/Include/cmsis_gcc.h **** #ifndef __PROGRAM_START
 123:Drivers/CMSIS/Include/cmsis_gcc.h **** 
 124:Drivers/CMSIS/Include/cmsis_gcc.h **** /**
 125:Drivers/CMSIS/Include/cmsis_gcc.h ****   \brief   Initializes data and bss sections
 126:Drivers/CMSIS/Include/cmsis_gcc.h ****   \details This default implementations initialized all data and additional bss
 127:Drivers/CMSIS/Include/cmsis_gcc.h ****            sections relying on .copy.table and .zero.table specified properly
 128:Drivers/CMSIS/Include/cmsis_gcc.h ****            in the used linker script.
 129:Drivers/CMSIS/Include/cmsis_gcc.h **** 
 130:Drivers/CMSIS/Include/cmsis_gcc.h ****  */
 131:Drivers/CMSIS/Include/cmsis_gcc.h **** __STATIC_FORCEINLINE __NO_RETURN void __cmsis_start(void)
 132:Drivers/CMSIS/Include/cmsis_gcc.h **** {
 133:Drivers/CMSIS/Include/cmsis_gcc.h ****   extern void _start(void) __NO_RETURN;
 134:Drivers/CMSIS/Include/cmsis_gcc.h **** 
 135:Drivers/CMSIS/Include/cmsis_gcc.h ****   typedef struct {
 136:Drivers/CMSIS/Include/cmsis_gcc.h ****     uint32_t const* src;
 137:Drivers/CMSIS/Include/cmsis_gcc.h ****     uint32_t* dest;
 138:Drivers/CMSIS/Include/cmsis_gcc.h ****     uint32_t  wlen;
 139:Drivers/CMSIS/Include/cmsis_gcc.h ****   } __copy_table_t;
 140:Drivers/CMSIS/Include/cmsis_gcc.h **** 
 141:Drivers/CMSIS/Include/cmsis_gcc.h ****   typedef struct {
 142:Drivers/CMSIS/Include/cmsis_gcc.h ****     uint32_t* dest;
 143:Drivers/CMSIS/Include/cmsis_gcc.h ****     uint32_t  wlen;
 144:Drivers/CMSIS/Include/cmsis_gcc.h ****   } __zero_table_t;
 145:Drivers/CMSIS/Include/cmsis_gcc.h **** 
 146:Drivers/CMSIS/Include/cmsis_gcc.h ****   extern const __copy_table_t __copy_table_start__;
 147:Drivers/CMSIS/Include/cmsis_gcc.h ****   extern const __copy_table_t __copy_table_end__;
 148:Drivers/CMSIS/Include/cmsis_gcc.h ****   extern const __zero_table_t __zero_table_start__;
 149:Drivers/CMSIS/Include/cmsis_gcc.h ****   extern const __zero_table_t __zero_table_end__;
 150:Drivers/CMSIS/Include/cmsis_gcc.h **** 
 151:Drivers/CMSIS/Include/cmsis_gcc.h ****   for (__copy_table_t const* pTable = &__copy_table_start__; pTable < &__copy_table_end__; ++pTable
 152:Drivers/CMSIS/Include/cmsis_gcc.h ****     for(uint32_t i=0u; i<pTable->wlen; ++i) {
 153:Drivers/CMSIS/Include/cmsis_gcc.h ****       pTable->dest[i] = pTable->src[i];
 154:Drivers/CMSIS/Include/cmsis_gcc.h ****     }
 155:Drivers/CMSIS/Include/cmsis_gcc.h ****   }
 156:Drivers/CMSIS/Include/cmsis_gcc.h **** 
 157:Drivers/CMSIS/Include/cmsis_gcc.h ****   for (__zero_table_t const* pTable = &__zero_table_start__; pTable < &__zero_table_end__; ++pTable
 158:Drivers/CMSIS/Include/cmsis_gcc.h ****     for(uint32_t i=0u; i<pTable->wlen; ++i) {
 159:Drivers/CMSIS/Include/cmsis_gcc.h ****       pTable->dest[i] = 0u;
 160:Drivers/CMSIS/Include/cmsis_gcc.h ****     }
 161:Drivers/CMSIS/Include/cmsis_gcc.h ****   }
 162:Drivers/CMSIS/Include/cmsis_gcc.h **** 
 163:Drivers/CMSIS/Include/cmsis_gcc.h ****   _start();
 164:Drivers/CMSIS/Include/cmsis_gcc.h **** }
 165:Drivers/CMSIS/Include/cmsis_gcc.h **** 
 166:Drivers/CMSIS/Include/cmsis_gcc.h **** #define __PROGRAM_START           __cmsis_start
 167:Drivers/CMSIS/Include/cmsis_gcc.h **** #endif
 168:Drivers/CMSIS/Include/cmsis_gcc.h **** 
 169:Drivers/CMSIS/Include/cmsis_gcc.h **** #ifndef __INITIAL_SP
 170:Drivers/CMSIS/Include/cmsis_gcc.h **** #define __INITIAL_SP              __StackTop
 171:Drivers/CMSIS/Include/cmsis_gcc.h **** #endif
 172:Drivers/CMSIS/Include/cmsis_gcc.h **** 
 173:Drivers/CMSIS/Include/cmsis_gcc.h **** #ifndef __STACK_LIMIT
ARM GAS  /tmp/ccP6Vsm9.s 			page 14


 174:Drivers/CMSIS/Include/cmsis_gcc.h **** #define __STACK_LIMIT             __StackLimit
 175:Drivers/CMSIS/Include/cmsis_gcc.h **** #endif
 176:Drivers/CMSIS/Include/cmsis_gcc.h **** 
 177:Drivers/CMSIS/Include/cmsis_gcc.h **** #ifndef __VECTOR_TABLE
 178:Drivers/CMSIS/Include/cmsis_gcc.h **** #define __VECTOR_TABLE            __Vectors
 179:Drivers/CMSIS/Include/cmsis_gcc.h **** #endif
 180:Drivers/CMSIS/Include/cmsis_gcc.h **** 
 181:Drivers/CMSIS/Include/cmsis_gcc.h **** #ifndef __VECTOR_TABLE_ATTRIBUTE
 182:Drivers/CMSIS/Include/cmsis_gcc.h **** #define __VECTOR_TABLE_ATTRIBUTE  __attribute__((used, section(".vectors")))
 183:Drivers/CMSIS/Include/cmsis_gcc.h **** #endif
 184:Drivers/CMSIS/Include/cmsis_gcc.h **** 
 185:Drivers/CMSIS/Include/cmsis_gcc.h **** #if defined (__ARM_FEATURE_CMSE) && (__ARM_FEATURE_CMSE == 3U)
 186:Drivers/CMSIS/Include/cmsis_gcc.h **** #ifndef __STACK_SEAL
 187:Drivers/CMSIS/Include/cmsis_gcc.h **** #define __STACK_SEAL              __StackSeal
 188:Drivers/CMSIS/Include/cmsis_gcc.h **** #endif
 189:Drivers/CMSIS/Include/cmsis_gcc.h **** 
 190:Drivers/CMSIS/Include/cmsis_gcc.h **** #ifndef __TZ_STACK_SEAL_SIZE
 191:Drivers/CMSIS/Include/cmsis_gcc.h **** #define __TZ_STACK_SEAL_SIZE      8U
 192:Drivers/CMSIS/Include/cmsis_gcc.h **** #endif
 193:Drivers/CMSIS/Include/cmsis_gcc.h **** 
 194:Drivers/CMSIS/Include/cmsis_gcc.h **** #ifndef __TZ_STACK_SEAL_VALUE
 195:Drivers/CMSIS/Include/cmsis_gcc.h **** #define __TZ_STACK_SEAL_VALUE     0xFEF5EDA5FEF5EDA5ULL
 196:Drivers/CMSIS/Include/cmsis_gcc.h **** #endif
 197:Drivers/CMSIS/Include/cmsis_gcc.h **** 
 198:Drivers/CMSIS/Include/cmsis_gcc.h **** 
 199:Drivers/CMSIS/Include/cmsis_gcc.h **** __STATIC_FORCEINLINE void __TZ_set_STACKSEAL_S (uint32_t* stackTop) {
 200:Drivers/CMSIS/Include/cmsis_gcc.h ****   *((uint64_t *)stackTop) = __TZ_STACK_SEAL_VALUE;
 201:Drivers/CMSIS/Include/cmsis_gcc.h **** }
 202:Drivers/CMSIS/Include/cmsis_gcc.h **** #endif
 203:Drivers/CMSIS/Include/cmsis_gcc.h **** 
 204:Drivers/CMSIS/Include/cmsis_gcc.h **** 
 205:Drivers/CMSIS/Include/cmsis_gcc.h **** /* ##########################  Core Instruction Access  ######################### */
 206:Drivers/CMSIS/Include/cmsis_gcc.h **** /** \defgroup CMSIS_Core_InstructionInterface CMSIS Core Instruction Interface
 207:Drivers/CMSIS/Include/cmsis_gcc.h ****   Access to dedicated instructions
 208:Drivers/CMSIS/Include/cmsis_gcc.h ****   @{
 209:Drivers/CMSIS/Include/cmsis_gcc.h **** */
 210:Drivers/CMSIS/Include/cmsis_gcc.h **** 
 211:Drivers/CMSIS/Include/cmsis_gcc.h **** /* Define macros for porting to both thumb1 and thumb2.
 212:Drivers/CMSIS/Include/cmsis_gcc.h ****  * For thumb1, use low register (r0-r7), specified by constraint "l"
 213:Drivers/CMSIS/Include/cmsis_gcc.h ****  * Otherwise, use general registers, specified by constraint "r" */
 214:Drivers/CMSIS/Include/cmsis_gcc.h **** #if defined (__thumb__) && !defined (__thumb2__)
 215:Drivers/CMSIS/Include/cmsis_gcc.h **** #define __CMSIS_GCC_OUT_REG(r) "=l" (r)
 216:Drivers/CMSIS/Include/cmsis_gcc.h **** #define __CMSIS_GCC_RW_REG(r) "+l" (r)
 217:Drivers/CMSIS/Include/cmsis_gcc.h **** #define __CMSIS_GCC_USE_REG(r) "l" (r)
 218:Drivers/CMSIS/Include/cmsis_gcc.h **** #else
 219:Drivers/CMSIS/Include/cmsis_gcc.h **** #define __CMSIS_GCC_OUT_REG(r) "=r" (r)
 220:Drivers/CMSIS/Include/cmsis_gcc.h **** #define __CMSIS_GCC_RW_REG(r) "+r" (r)
 221:Drivers/CMSIS/Include/cmsis_gcc.h **** #define __CMSIS_GCC_USE_REG(r) "r" (r)
 222:Drivers/CMSIS/Include/cmsis_gcc.h **** #endif
 223:Drivers/CMSIS/Include/cmsis_gcc.h **** 
 224:Drivers/CMSIS/Include/cmsis_gcc.h **** /**
 225:Drivers/CMSIS/Include/cmsis_gcc.h ****   \brief   No Operation
 226:Drivers/CMSIS/Include/cmsis_gcc.h ****   \details No Operation does nothing. This instruction can be used for code alignment purposes.
 227:Drivers/CMSIS/Include/cmsis_gcc.h ****  */
 228:Drivers/CMSIS/Include/cmsis_gcc.h **** #define __NOP()                             __ASM volatile ("nop")
 229:Drivers/CMSIS/Include/cmsis_gcc.h **** 
 230:Drivers/CMSIS/Include/cmsis_gcc.h **** /**
ARM GAS  /tmp/ccP6Vsm9.s 			page 15


 231:Drivers/CMSIS/Include/cmsis_gcc.h ****   \brief   Wait For Interrupt
 232:Drivers/CMSIS/Include/cmsis_gcc.h ****   \details Wait For Interrupt is a hint instruction that suspends execution until one of a number o
 233:Drivers/CMSIS/Include/cmsis_gcc.h ****  */
 234:Drivers/CMSIS/Include/cmsis_gcc.h **** #define __WFI()                             __ASM volatile ("wfi":::"memory")
 235:Drivers/CMSIS/Include/cmsis_gcc.h **** 
 236:Drivers/CMSIS/Include/cmsis_gcc.h **** 
 237:Drivers/CMSIS/Include/cmsis_gcc.h **** /**
 238:Drivers/CMSIS/Include/cmsis_gcc.h ****   \brief   Wait For Event
 239:Drivers/CMSIS/Include/cmsis_gcc.h ****   \details Wait For Event is a hint instruction that permits the processor to enter
 240:Drivers/CMSIS/Include/cmsis_gcc.h ****            a low-power state until one of a number of events occurs.
 241:Drivers/CMSIS/Include/cmsis_gcc.h ****  */
 242:Drivers/CMSIS/Include/cmsis_gcc.h **** #define __WFE()                             __ASM volatile ("wfe":::"memory")
 243:Drivers/CMSIS/Include/cmsis_gcc.h **** 
 244:Drivers/CMSIS/Include/cmsis_gcc.h **** 
 245:Drivers/CMSIS/Include/cmsis_gcc.h **** /**
 246:Drivers/CMSIS/Include/cmsis_gcc.h ****   \brief   Send Event
 247:Drivers/CMSIS/Include/cmsis_gcc.h ****   \details Send Event is a hint instruction. It causes an event to be signaled to the CPU.
 248:Drivers/CMSIS/Include/cmsis_gcc.h ****  */
 249:Drivers/CMSIS/Include/cmsis_gcc.h **** #define __SEV()                             __ASM volatile ("sev")
 250:Drivers/CMSIS/Include/cmsis_gcc.h **** 
 251:Drivers/CMSIS/Include/cmsis_gcc.h **** 
 252:Drivers/CMSIS/Include/cmsis_gcc.h **** /**
 253:Drivers/CMSIS/Include/cmsis_gcc.h ****   \brief   Instruction Synchronization Barrier
 254:Drivers/CMSIS/Include/cmsis_gcc.h ****   \details Instruction Synchronization Barrier flushes the pipeline in the processor,
 255:Drivers/CMSIS/Include/cmsis_gcc.h ****            so that all instructions following the ISB are fetched from cache or memory,
 256:Drivers/CMSIS/Include/cmsis_gcc.h ****            after the instruction has been completed.
 257:Drivers/CMSIS/Include/cmsis_gcc.h ****  */
 258:Drivers/CMSIS/Include/cmsis_gcc.h **** __STATIC_FORCEINLINE void __ISB(void)
 259:Drivers/CMSIS/Include/cmsis_gcc.h **** {
 260:Drivers/CMSIS/Include/cmsis_gcc.h ****   __ASM volatile ("isb 0xF":::"memory");
 261:Drivers/CMSIS/Include/cmsis_gcc.h **** }
 262:Drivers/CMSIS/Include/cmsis_gcc.h **** 
 263:Drivers/CMSIS/Include/cmsis_gcc.h **** 
 264:Drivers/CMSIS/Include/cmsis_gcc.h **** /**
 265:Drivers/CMSIS/Include/cmsis_gcc.h ****   \brief   Data Synchronization Barrier
 266:Drivers/CMSIS/Include/cmsis_gcc.h ****   \details Acts as a special kind of Data Memory Barrier.
 267:Drivers/CMSIS/Include/cmsis_gcc.h ****            It completes when all explicit memory accesses before this instruction complete.
 268:Drivers/CMSIS/Include/cmsis_gcc.h ****  */
 269:Drivers/CMSIS/Include/cmsis_gcc.h **** __STATIC_FORCEINLINE void __DSB(void)
 270:Drivers/CMSIS/Include/cmsis_gcc.h **** {
 271:Drivers/CMSIS/Include/cmsis_gcc.h ****   __ASM volatile ("dsb 0xF":::"memory");
 272:Drivers/CMSIS/Include/cmsis_gcc.h **** }
 273:Drivers/CMSIS/Include/cmsis_gcc.h **** 
 274:Drivers/CMSIS/Include/cmsis_gcc.h **** 
 275:Drivers/CMSIS/Include/cmsis_gcc.h **** /**
 276:Drivers/CMSIS/Include/cmsis_gcc.h ****   \brief   Data Memory Barrier
 277:Drivers/CMSIS/Include/cmsis_gcc.h ****   \details Ensures the apparent order of the explicit memory operations before
 278:Drivers/CMSIS/Include/cmsis_gcc.h ****            and after the instruction, without ensuring their completion.
 279:Drivers/CMSIS/Include/cmsis_gcc.h ****  */
 280:Drivers/CMSIS/Include/cmsis_gcc.h **** __STATIC_FORCEINLINE void __DMB(void)
 281:Drivers/CMSIS/Include/cmsis_gcc.h **** {
 282:Drivers/CMSIS/Include/cmsis_gcc.h ****   __ASM volatile ("dmb 0xF":::"memory");
 283:Drivers/CMSIS/Include/cmsis_gcc.h **** }
 284:Drivers/CMSIS/Include/cmsis_gcc.h **** 
 285:Drivers/CMSIS/Include/cmsis_gcc.h **** 
 286:Drivers/CMSIS/Include/cmsis_gcc.h **** /**
 287:Drivers/CMSIS/Include/cmsis_gcc.h ****   \brief   Reverse byte order (32 bit)
ARM GAS  /tmp/ccP6Vsm9.s 			page 16


 288:Drivers/CMSIS/Include/cmsis_gcc.h ****   \details Reverses the byte order in unsigned integer value. For example, 0x12345678 becomes 0x785
 289:Drivers/CMSIS/Include/cmsis_gcc.h ****   \param [in]    value  Value to reverse
 290:Drivers/CMSIS/Include/cmsis_gcc.h ****   \return               Reversed value
 291:Drivers/CMSIS/Include/cmsis_gcc.h ****  */
 292:Drivers/CMSIS/Include/cmsis_gcc.h **** __STATIC_FORCEINLINE uint32_t __REV(uint32_t value)
 293:Drivers/CMSIS/Include/cmsis_gcc.h **** {
 294:Drivers/CMSIS/Include/cmsis_gcc.h **** #if (__GNUC__ > 4) || (__GNUC__ == 4 && __GNUC_MINOR__ >= 5)
 295:Drivers/CMSIS/Include/cmsis_gcc.h ****   return __builtin_bswap32(value);
 296:Drivers/CMSIS/Include/cmsis_gcc.h **** #else
 297:Drivers/CMSIS/Include/cmsis_gcc.h ****   uint32_t result;
 298:Drivers/CMSIS/Include/cmsis_gcc.h **** 
 299:Drivers/CMSIS/Include/cmsis_gcc.h ****   __ASM ("rev %0, %1" : __CMSIS_GCC_OUT_REG (result) : __CMSIS_GCC_USE_REG (value) );
 300:Drivers/CMSIS/Include/cmsis_gcc.h ****   return result;
 301:Drivers/CMSIS/Include/cmsis_gcc.h **** #endif
 302:Drivers/CMSIS/Include/cmsis_gcc.h **** }
 303:Drivers/CMSIS/Include/cmsis_gcc.h **** 
 304:Drivers/CMSIS/Include/cmsis_gcc.h **** 
 305:Drivers/CMSIS/Include/cmsis_gcc.h **** /**
 306:Drivers/CMSIS/Include/cmsis_gcc.h ****   \brief   Reverse byte order (16 bit)
 307:Drivers/CMSIS/Include/cmsis_gcc.h ****   \details Reverses the byte order within each halfword of a word. For example, 0x12345678 becomes 
 308:Drivers/CMSIS/Include/cmsis_gcc.h ****   \param [in]    value  Value to reverse
 309:Drivers/CMSIS/Include/cmsis_gcc.h ****   \return               Reversed value
 310:Drivers/CMSIS/Include/cmsis_gcc.h ****  */
 311:Drivers/CMSIS/Include/cmsis_gcc.h **** __STATIC_FORCEINLINE uint32_t __REV16(uint32_t value)
 312:Drivers/CMSIS/Include/cmsis_gcc.h **** {
 313:Drivers/CMSIS/Include/cmsis_gcc.h ****   uint32_t result;
 314:Drivers/CMSIS/Include/cmsis_gcc.h **** 
 315:Drivers/CMSIS/Include/cmsis_gcc.h ****   __ASM ("rev16 %0, %1" : __CMSIS_GCC_OUT_REG (result) : __CMSIS_GCC_USE_REG (value) );
 316:Drivers/CMSIS/Include/cmsis_gcc.h ****   return result;
 317:Drivers/CMSIS/Include/cmsis_gcc.h **** }
 318:Drivers/CMSIS/Include/cmsis_gcc.h **** 
 319:Drivers/CMSIS/Include/cmsis_gcc.h **** 
 320:Drivers/CMSIS/Include/cmsis_gcc.h **** /**
 321:Drivers/CMSIS/Include/cmsis_gcc.h ****   \brief   Reverse byte order (16 bit)
 322:Drivers/CMSIS/Include/cmsis_gcc.h ****   \details Reverses the byte order in a 16-bit value and returns the signed 16-bit result. For exam
 323:Drivers/CMSIS/Include/cmsis_gcc.h ****   \param [in]    value  Value to reverse
 324:Drivers/CMSIS/Include/cmsis_gcc.h ****   \return               Reversed value
 325:Drivers/CMSIS/Include/cmsis_gcc.h ****  */
 326:Drivers/CMSIS/Include/cmsis_gcc.h **** __STATIC_FORCEINLINE int16_t __REVSH(int16_t value)
 327:Drivers/CMSIS/Include/cmsis_gcc.h **** {
 328:Drivers/CMSIS/Include/cmsis_gcc.h **** #if (__GNUC__ > 4) || (__GNUC__ == 4 && __GNUC_MINOR__ >= 8)
 329:Drivers/CMSIS/Include/cmsis_gcc.h ****   return (int16_t)__builtin_bswap16(value);
 330:Drivers/CMSIS/Include/cmsis_gcc.h **** #else
 331:Drivers/CMSIS/Include/cmsis_gcc.h ****   int16_t result;
 332:Drivers/CMSIS/Include/cmsis_gcc.h **** 
 333:Drivers/CMSIS/Include/cmsis_gcc.h ****   __ASM ("revsh %0, %1" : __CMSIS_GCC_OUT_REG (result) : __CMSIS_GCC_USE_REG (value) );
 334:Drivers/CMSIS/Include/cmsis_gcc.h ****   return result;
 335:Drivers/CMSIS/Include/cmsis_gcc.h **** #endif
 336:Drivers/CMSIS/Include/cmsis_gcc.h **** }
 337:Drivers/CMSIS/Include/cmsis_gcc.h **** 
 338:Drivers/CMSIS/Include/cmsis_gcc.h **** 
 339:Drivers/CMSIS/Include/cmsis_gcc.h **** /**
 340:Drivers/CMSIS/Include/cmsis_gcc.h ****   \brief   Rotate Right in unsigned value (32 bit)
 341:Drivers/CMSIS/Include/cmsis_gcc.h ****   \details Rotate Right (immediate) provides the value of the contents of a register rotated by a v
 342:Drivers/CMSIS/Include/cmsis_gcc.h ****   \param [in]    op1  Value to rotate
 343:Drivers/CMSIS/Include/cmsis_gcc.h ****   \param [in]    op2  Number of Bits to rotate
 344:Drivers/CMSIS/Include/cmsis_gcc.h ****   \return               Rotated value
ARM GAS  /tmp/ccP6Vsm9.s 			page 17


 345:Drivers/CMSIS/Include/cmsis_gcc.h ****  */
 346:Drivers/CMSIS/Include/cmsis_gcc.h **** __STATIC_FORCEINLINE uint32_t __ROR(uint32_t op1, uint32_t op2)
 347:Drivers/CMSIS/Include/cmsis_gcc.h **** {
 348:Drivers/CMSIS/Include/cmsis_gcc.h ****   op2 %= 32U;
 349:Drivers/CMSIS/Include/cmsis_gcc.h ****   if (op2 == 0U)
 350:Drivers/CMSIS/Include/cmsis_gcc.h ****   {
 351:Drivers/CMSIS/Include/cmsis_gcc.h ****     return op1;
 352:Drivers/CMSIS/Include/cmsis_gcc.h ****   }
 353:Drivers/CMSIS/Include/cmsis_gcc.h ****   return (op1 >> op2) | (op1 << (32U - op2));
 354:Drivers/CMSIS/Include/cmsis_gcc.h **** }
 355:Drivers/CMSIS/Include/cmsis_gcc.h **** 
 356:Drivers/CMSIS/Include/cmsis_gcc.h **** 
 357:Drivers/CMSIS/Include/cmsis_gcc.h **** /**
 358:Drivers/CMSIS/Include/cmsis_gcc.h ****   \brief   Breakpoint
 359:Drivers/CMSIS/Include/cmsis_gcc.h ****   \details Causes the processor to enter Debug state.
 360:Drivers/CMSIS/Include/cmsis_gcc.h ****            Debug tools can use this to investigate system state when the instruction at a particula
 361:Drivers/CMSIS/Include/cmsis_gcc.h ****   \param [in]    value  is ignored by the processor.
 362:Drivers/CMSIS/Include/cmsis_gcc.h ****                  If required, a debugger can use it to store additional information about the break
 363:Drivers/CMSIS/Include/cmsis_gcc.h ****  */
 364:Drivers/CMSIS/Include/cmsis_gcc.h **** #define __BKPT(value)                       __ASM volatile ("bkpt "#value)
 365:Drivers/CMSIS/Include/cmsis_gcc.h **** 
 366:Drivers/CMSIS/Include/cmsis_gcc.h **** 
 367:Drivers/CMSIS/Include/cmsis_gcc.h **** /**
 368:Drivers/CMSIS/Include/cmsis_gcc.h ****   \brief   Reverse bit order of value
 369:Drivers/CMSIS/Include/cmsis_gcc.h ****   \details Reverses the bit order of the given value.
 370:Drivers/CMSIS/Include/cmsis_gcc.h ****   \param [in]    value  Value to reverse
 371:Drivers/CMSIS/Include/cmsis_gcc.h ****   \return               Reversed value
 372:Drivers/CMSIS/Include/cmsis_gcc.h ****  */
 373:Drivers/CMSIS/Include/cmsis_gcc.h **** __STATIC_FORCEINLINE uint32_t __RBIT(uint32_t value)
 374:Drivers/CMSIS/Include/cmsis_gcc.h **** {
 375:Drivers/CMSIS/Include/cmsis_gcc.h ****   uint32_t result;
 376:Drivers/CMSIS/Include/cmsis_gcc.h **** 
 377:Drivers/CMSIS/Include/cmsis_gcc.h **** #if ((defined (__ARM_ARCH_7M__      ) && (__ARM_ARCH_7M__      == 1)) || \
 378:Drivers/CMSIS/Include/cmsis_gcc.h ****      (defined (__ARM_ARCH_7EM__     ) && (__ARM_ARCH_7EM__     == 1)) || \
 379:Drivers/CMSIS/Include/cmsis_gcc.h ****      (defined (__ARM_ARCH_8M_MAIN__ ) && (__ARM_ARCH_8M_MAIN__ == 1))    )
 380:Drivers/CMSIS/Include/cmsis_gcc.h ****    __ASM ("rbit %0, %1" : "=r" (result) : "r" (value) );
 381:Drivers/CMSIS/Include/cmsis_gcc.h **** #else
 382:Drivers/CMSIS/Include/cmsis_gcc.h ****   uint32_t s = (4U /*sizeof(v)*/ * 8U) - 1U; /* extra shift needed at end */
 383:Drivers/CMSIS/Include/cmsis_gcc.h **** 
 384:Drivers/CMSIS/Include/cmsis_gcc.h ****   result = value;                      /* r will be reversed bits of v; first get LSB of v */
 385:Drivers/CMSIS/Include/cmsis_gcc.h ****   for (value >>= 1U; value != 0U; value >>= 1U)
 386:Drivers/CMSIS/Include/cmsis_gcc.h ****   {
 387:Drivers/CMSIS/Include/cmsis_gcc.h ****     result <<= 1U;
 388:Drivers/CMSIS/Include/cmsis_gcc.h ****     result |= value & 1U;
 389:Drivers/CMSIS/Include/cmsis_gcc.h ****     s--;
 390:Drivers/CMSIS/Include/cmsis_gcc.h ****   }
 391:Drivers/CMSIS/Include/cmsis_gcc.h ****   result <<= s;                        /* shift when v's highest bits are zero */
 392:Drivers/CMSIS/Include/cmsis_gcc.h **** #endif
 393:Drivers/CMSIS/Include/cmsis_gcc.h ****   return result;
 394:Drivers/CMSIS/Include/cmsis_gcc.h **** }
 395:Drivers/CMSIS/Include/cmsis_gcc.h **** 
 396:Drivers/CMSIS/Include/cmsis_gcc.h **** 
 397:Drivers/CMSIS/Include/cmsis_gcc.h **** /**
 398:Drivers/CMSIS/Include/cmsis_gcc.h ****   \brief   Count leading zeros
 399:Drivers/CMSIS/Include/cmsis_gcc.h ****   \details Counts the number of leading zeros of a data value.
 400:Drivers/CMSIS/Include/cmsis_gcc.h ****   \param [in]  value  Value to count the leading zeros
 401:Drivers/CMSIS/Include/cmsis_gcc.h ****   \return             number of leading zeros in value
ARM GAS  /tmp/ccP6Vsm9.s 			page 18


 402:Drivers/CMSIS/Include/cmsis_gcc.h ****  */
 403:Drivers/CMSIS/Include/cmsis_gcc.h **** __STATIC_FORCEINLINE uint8_t __CLZ(uint32_t value)
 404:Drivers/CMSIS/Include/cmsis_gcc.h **** {
 405:Drivers/CMSIS/Include/cmsis_gcc.h ****   /* Even though __builtin_clz produces a CLZ instruction on ARM, formally
 406:Drivers/CMSIS/Include/cmsis_gcc.h ****      __builtin_clz(0) is undefined behaviour, so handle this case specially.
 407:Drivers/CMSIS/Include/cmsis_gcc.h ****      This guarantees ARM-compatible results if happening to compile on a non-ARM
 408:Drivers/CMSIS/Include/cmsis_gcc.h ****      target, and ensures the compiler doesn't decide to activate any
 409:Drivers/CMSIS/Include/cmsis_gcc.h ****      optimisations using the logic "value was passed to __builtin_clz, so it
 410:Drivers/CMSIS/Include/cmsis_gcc.h ****      is non-zero".
 411:Drivers/CMSIS/Include/cmsis_gcc.h ****      ARM GCC 7.3 and possibly earlier will optimise this test away, leaving a
 412:Drivers/CMSIS/Include/cmsis_gcc.h ****      single CLZ instruction.
 413:Drivers/CMSIS/Include/cmsis_gcc.h ****    */
 414:Drivers/CMSIS/Include/cmsis_gcc.h ****   if (value == 0U)
 415:Drivers/CMSIS/Include/cmsis_gcc.h ****   {
 416:Drivers/CMSIS/Include/cmsis_gcc.h ****     return 32U;
 417:Drivers/CMSIS/Include/cmsis_gcc.h ****   }
 418:Drivers/CMSIS/Include/cmsis_gcc.h ****   return __builtin_clz(value);
 419:Drivers/CMSIS/Include/cmsis_gcc.h **** }
 420:Drivers/CMSIS/Include/cmsis_gcc.h **** 
 421:Drivers/CMSIS/Include/cmsis_gcc.h **** 
 422:Drivers/CMSIS/Include/cmsis_gcc.h **** #if ((defined (__ARM_ARCH_7M__      ) && (__ARM_ARCH_7M__      == 1)) || \
 423:Drivers/CMSIS/Include/cmsis_gcc.h ****      (defined (__ARM_ARCH_7EM__     ) && (__ARM_ARCH_7EM__     == 1)) || \
 424:Drivers/CMSIS/Include/cmsis_gcc.h ****      (defined (__ARM_ARCH_8M_MAIN__ ) && (__ARM_ARCH_8M_MAIN__ == 1)) || \
 425:Drivers/CMSIS/Include/cmsis_gcc.h ****      (defined (__ARM_ARCH_8M_BASE__ ) && (__ARM_ARCH_8M_BASE__ == 1))    )
 426:Drivers/CMSIS/Include/cmsis_gcc.h **** /**
 427:Drivers/CMSIS/Include/cmsis_gcc.h ****   \brief   LDR Exclusive (8 bit)
 428:Drivers/CMSIS/Include/cmsis_gcc.h ****   \details Executes a exclusive LDR instruction for 8 bit value.
 429:Drivers/CMSIS/Include/cmsis_gcc.h ****   \param [in]    ptr  Pointer to data
 430:Drivers/CMSIS/Include/cmsis_gcc.h ****   \return             value of type uint8_t at (*ptr)
 431:Drivers/CMSIS/Include/cmsis_gcc.h ****  */
 432:Drivers/CMSIS/Include/cmsis_gcc.h **** __STATIC_FORCEINLINE uint8_t __LDREXB(volatile uint8_t *addr)
 433:Drivers/CMSIS/Include/cmsis_gcc.h **** {
 434:Drivers/CMSIS/Include/cmsis_gcc.h ****     uint32_t result;
 435:Drivers/CMSIS/Include/cmsis_gcc.h **** 
 436:Drivers/CMSIS/Include/cmsis_gcc.h **** #if (__GNUC__ > 4) || (__GNUC__ == 4 && __GNUC_MINOR__ >= 8)
 437:Drivers/CMSIS/Include/cmsis_gcc.h ****    __ASM volatile ("ldrexb %0, %1" : "=r" (result) : "Q" (*addr) );
 438:Drivers/CMSIS/Include/cmsis_gcc.h **** #else
 439:Drivers/CMSIS/Include/cmsis_gcc.h ****     /* Prior to GCC 4.8, "Q" will be expanded to [rx, #0] which is not
 440:Drivers/CMSIS/Include/cmsis_gcc.h ****        accepted by assembler. So has to use following less efficient pattern.
 441:Drivers/CMSIS/Include/cmsis_gcc.h ****     */
 442:Drivers/CMSIS/Include/cmsis_gcc.h ****    __ASM volatile ("ldrexb %0, [%1]" : "=r" (result) : "r" (addr) : "memory" );
 443:Drivers/CMSIS/Include/cmsis_gcc.h **** #endif
 444:Drivers/CMSIS/Include/cmsis_gcc.h ****    return ((uint8_t) result);    /* Add explicit type cast here */
 445:Drivers/CMSIS/Include/cmsis_gcc.h **** }
 446:Drivers/CMSIS/Include/cmsis_gcc.h **** 
 447:Drivers/CMSIS/Include/cmsis_gcc.h **** 
 448:Drivers/CMSIS/Include/cmsis_gcc.h **** /**
 449:Drivers/CMSIS/Include/cmsis_gcc.h ****   \brief   LDR Exclusive (16 bit)
 450:Drivers/CMSIS/Include/cmsis_gcc.h ****   \details Executes a exclusive LDR instruction for 16 bit values.
 451:Drivers/CMSIS/Include/cmsis_gcc.h ****   \param [in]    ptr  Pointer to data
 452:Drivers/CMSIS/Include/cmsis_gcc.h ****   \return        value of type uint16_t at (*ptr)
 453:Drivers/CMSIS/Include/cmsis_gcc.h ****  */
 454:Drivers/CMSIS/Include/cmsis_gcc.h **** __STATIC_FORCEINLINE uint16_t __LDREXH(volatile uint16_t *addr)
 455:Drivers/CMSIS/Include/cmsis_gcc.h **** {
 456:Drivers/CMSIS/Include/cmsis_gcc.h ****     uint32_t result;
 457:Drivers/CMSIS/Include/cmsis_gcc.h **** 
 458:Drivers/CMSIS/Include/cmsis_gcc.h **** #if (__GNUC__ > 4) || (__GNUC__ == 4 && __GNUC_MINOR__ >= 8)
ARM GAS  /tmp/ccP6Vsm9.s 			page 19


 459:Drivers/CMSIS/Include/cmsis_gcc.h ****    __ASM volatile ("ldrexh %0, %1" : "=r" (result) : "Q" (*addr) );
 460:Drivers/CMSIS/Include/cmsis_gcc.h **** #else
 461:Drivers/CMSIS/Include/cmsis_gcc.h ****     /* Prior to GCC 4.8, "Q" will be expanded to [rx, #0] which is not
 462:Drivers/CMSIS/Include/cmsis_gcc.h ****        accepted by assembler. So has to use following less efficient pattern.
 463:Drivers/CMSIS/Include/cmsis_gcc.h ****     */
 464:Drivers/CMSIS/Include/cmsis_gcc.h ****    __ASM volatile ("ldrexh %0, [%1]" : "=r" (result) : "r" (addr) : "memory" );
 465:Drivers/CMSIS/Include/cmsis_gcc.h **** #endif
 466:Drivers/CMSIS/Include/cmsis_gcc.h ****    return ((uint16_t) result);    /* Add explicit type cast here */
 467:Drivers/CMSIS/Include/cmsis_gcc.h **** }
 468:Drivers/CMSIS/Include/cmsis_gcc.h **** 
 469:Drivers/CMSIS/Include/cmsis_gcc.h **** 
 470:Drivers/CMSIS/Include/cmsis_gcc.h **** /**
 471:Drivers/CMSIS/Include/cmsis_gcc.h ****   \brief   LDR Exclusive (32 bit)
 472:Drivers/CMSIS/Include/cmsis_gcc.h ****   \details Executes a exclusive LDR instruction for 32 bit values.
 473:Drivers/CMSIS/Include/cmsis_gcc.h ****   \param [in]    ptr  Pointer to data
 474:Drivers/CMSIS/Include/cmsis_gcc.h ****   \return        value of type uint32_t at (*ptr)
 475:Drivers/CMSIS/Include/cmsis_gcc.h ****  */
 476:Drivers/CMSIS/Include/cmsis_gcc.h **** __STATIC_FORCEINLINE uint32_t __LDREXW(volatile uint32_t *addr)
 477:Drivers/CMSIS/Include/cmsis_gcc.h **** {
 478:Drivers/CMSIS/Include/cmsis_gcc.h ****     uint32_t result;
 479:Drivers/CMSIS/Include/cmsis_gcc.h **** 
 480:Drivers/CMSIS/Include/cmsis_gcc.h ****    __ASM volatile ("ldrex %0, %1" : "=r" (result) : "Q" (*addr) );
 481:Drivers/CMSIS/Include/cmsis_gcc.h ****    return(result);
 482:Drivers/CMSIS/Include/cmsis_gcc.h **** }
 483:Drivers/CMSIS/Include/cmsis_gcc.h **** 
 484:Drivers/CMSIS/Include/cmsis_gcc.h **** 
 485:Drivers/CMSIS/Include/cmsis_gcc.h **** /**
 486:Drivers/CMSIS/Include/cmsis_gcc.h ****   \brief   STR Exclusive (8 bit)
 487:Drivers/CMSIS/Include/cmsis_gcc.h ****   \details Executes a exclusive STR instruction for 8 bit values.
 488:Drivers/CMSIS/Include/cmsis_gcc.h ****   \param [in]  value  Value to store
 489:Drivers/CMSIS/Include/cmsis_gcc.h ****   \param [in]    ptr  Pointer to location
 490:Drivers/CMSIS/Include/cmsis_gcc.h ****   \return          0  Function succeeded
 491:Drivers/CMSIS/Include/cmsis_gcc.h ****   \return          1  Function failed
 492:Drivers/CMSIS/Include/cmsis_gcc.h ****  */
 493:Drivers/CMSIS/Include/cmsis_gcc.h **** __STATIC_FORCEINLINE uint32_t __STREXB(uint8_t value, volatile uint8_t *addr)
 494:Drivers/CMSIS/Include/cmsis_gcc.h **** {
 495:Drivers/CMSIS/Include/cmsis_gcc.h ****    uint32_t result;
 496:Drivers/CMSIS/Include/cmsis_gcc.h **** 
 497:Drivers/CMSIS/Include/cmsis_gcc.h ****    __ASM volatile ("strexb %0, %2, %1" : "=&r" (result), "=Q" (*addr) : "r" ((uint32_t)value) );
 498:Drivers/CMSIS/Include/cmsis_gcc.h ****    return(result);
 499:Drivers/CMSIS/Include/cmsis_gcc.h **** }
 500:Drivers/CMSIS/Include/cmsis_gcc.h **** 
 501:Drivers/CMSIS/Include/cmsis_gcc.h **** 
 502:Drivers/CMSIS/Include/cmsis_gcc.h **** /**
 503:Drivers/CMSIS/Include/cmsis_gcc.h ****   \brief   STR Exclusive (16 bit)
 504:Drivers/CMSIS/Include/cmsis_gcc.h ****   \details Executes a exclusive STR instruction for 16 bit values.
 505:Drivers/CMSIS/Include/cmsis_gcc.h ****   \param [in]  value  Value to store
 506:Drivers/CMSIS/Include/cmsis_gcc.h ****   \param [in]    ptr  Pointer to location
 507:Drivers/CMSIS/Include/cmsis_gcc.h ****   \return          0  Function succeeded
 508:Drivers/CMSIS/Include/cmsis_gcc.h ****   \return          1  Function failed
 509:Drivers/CMSIS/Include/cmsis_gcc.h ****  */
 510:Drivers/CMSIS/Include/cmsis_gcc.h **** __STATIC_FORCEINLINE uint32_t __STREXH(uint16_t value, volatile uint16_t *addr)
 511:Drivers/CMSIS/Include/cmsis_gcc.h **** {
 512:Drivers/CMSIS/Include/cmsis_gcc.h ****    uint32_t result;
 513:Drivers/CMSIS/Include/cmsis_gcc.h **** 
 514:Drivers/CMSIS/Include/cmsis_gcc.h ****    __ASM volatile ("strexh %0, %2, %1" : "=&r" (result), "=Q" (*addr) : "r" ((uint32_t)value) );
 515:Drivers/CMSIS/Include/cmsis_gcc.h ****    return(result);
ARM GAS  /tmp/ccP6Vsm9.s 			page 20


 516:Drivers/CMSIS/Include/cmsis_gcc.h **** }
 517:Drivers/CMSIS/Include/cmsis_gcc.h **** 
 518:Drivers/CMSIS/Include/cmsis_gcc.h **** 
 519:Drivers/CMSIS/Include/cmsis_gcc.h **** /**
 520:Drivers/CMSIS/Include/cmsis_gcc.h ****   \brief   STR Exclusive (32 bit)
 521:Drivers/CMSIS/Include/cmsis_gcc.h ****   \details Executes a exclusive STR instruction for 32 bit values.
 522:Drivers/CMSIS/Include/cmsis_gcc.h ****   \param [in]  value  Value to store
 523:Drivers/CMSIS/Include/cmsis_gcc.h ****   \param [in]    ptr  Pointer to location
 524:Drivers/CMSIS/Include/cmsis_gcc.h ****   \return          0  Function succeeded
 525:Drivers/CMSIS/Include/cmsis_gcc.h ****   \return          1  Function failed
 526:Drivers/CMSIS/Include/cmsis_gcc.h ****  */
 527:Drivers/CMSIS/Include/cmsis_gcc.h **** __STATIC_FORCEINLINE uint32_t __STREXW(uint32_t value, volatile uint32_t *addr)
 528:Drivers/CMSIS/Include/cmsis_gcc.h **** {
 529:Drivers/CMSIS/Include/cmsis_gcc.h ****    uint32_t result;
 530:Drivers/CMSIS/Include/cmsis_gcc.h **** 
 531:Drivers/CMSIS/Include/cmsis_gcc.h ****    __ASM volatile ("strex %0, %2, %1" : "=&r" (result), "=Q" (*addr) : "r" (value) );
 532:Drivers/CMSIS/Include/cmsis_gcc.h ****    return(result);
 533:Drivers/CMSIS/Include/cmsis_gcc.h **** }
 534:Drivers/CMSIS/Include/cmsis_gcc.h **** 
 535:Drivers/CMSIS/Include/cmsis_gcc.h **** 
 536:Drivers/CMSIS/Include/cmsis_gcc.h **** /**
 537:Drivers/CMSIS/Include/cmsis_gcc.h ****   \brief   Remove the exclusive lock
 538:Drivers/CMSIS/Include/cmsis_gcc.h ****   \details Removes the exclusive lock which is created by LDREX.
 539:Drivers/CMSIS/Include/cmsis_gcc.h ****  */
 540:Drivers/CMSIS/Include/cmsis_gcc.h **** __STATIC_FORCEINLINE void __CLREX(void)
 541:Drivers/CMSIS/Include/cmsis_gcc.h **** {
 542:Drivers/CMSIS/Include/cmsis_gcc.h ****   __ASM volatile ("clrex" ::: "memory");
 543:Drivers/CMSIS/Include/cmsis_gcc.h **** }
 544:Drivers/CMSIS/Include/cmsis_gcc.h **** 
 545:Drivers/CMSIS/Include/cmsis_gcc.h **** #endif /* ((defined (__ARM_ARCH_7M__      ) && (__ARM_ARCH_7M__      == 1)) || \
 546:Drivers/CMSIS/Include/cmsis_gcc.h ****            (defined (__ARM_ARCH_7EM__     ) && (__ARM_ARCH_7EM__     == 1)) || \
 547:Drivers/CMSIS/Include/cmsis_gcc.h ****            (defined (__ARM_ARCH_8M_MAIN__ ) && (__ARM_ARCH_8M_MAIN__ == 1)) || \
 548:Drivers/CMSIS/Include/cmsis_gcc.h ****            (defined (__ARM_ARCH_8M_BASE__ ) && (__ARM_ARCH_8M_BASE__ == 1))    ) */
 549:Drivers/CMSIS/Include/cmsis_gcc.h **** 
 550:Drivers/CMSIS/Include/cmsis_gcc.h **** 
 551:Drivers/CMSIS/Include/cmsis_gcc.h **** #if ((defined (__ARM_ARCH_7M__      ) && (__ARM_ARCH_7M__      == 1)) || \
 552:Drivers/CMSIS/Include/cmsis_gcc.h ****      (defined (__ARM_ARCH_7EM__     ) && (__ARM_ARCH_7EM__     == 1)) || \
 553:Drivers/CMSIS/Include/cmsis_gcc.h ****      (defined (__ARM_ARCH_8M_MAIN__ ) && (__ARM_ARCH_8M_MAIN__ == 1))    )
 554:Drivers/CMSIS/Include/cmsis_gcc.h **** /**
 555:Drivers/CMSIS/Include/cmsis_gcc.h ****   \brief   Signed Saturate
 556:Drivers/CMSIS/Include/cmsis_gcc.h ****   \details Saturates a signed value.
 557:Drivers/CMSIS/Include/cmsis_gcc.h ****   \param [in]  ARG1  Value to be saturated
 558:Drivers/CMSIS/Include/cmsis_gcc.h ****   \param [in]  ARG2  Bit position to saturate to (1..32)
 559:Drivers/CMSIS/Include/cmsis_gcc.h ****   \return             Saturated value
 560:Drivers/CMSIS/Include/cmsis_gcc.h ****  */
 561:Drivers/CMSIS/Include/cmsis_gcc.h **** #define __SSAT(ARG1, ARG2) \
 562:Drivers/CMSIS/Include/cmsis_gcc.h **** __extension__ \
 563:Drivers/CMSIS/Include/cmsis_gcc.h **** ({                          \
 564:Drivers/CMSIS/Include/cmsis_gcc.h ****   int32_t __RES, __ARG1 = (ARG1); \
 565:Drivers/CMSIS/Include/cmsis_gcc.h ****   __ASM volatile ("ssat %0, %1, %2" : "=r" (__RES) :  "I" (ARG2), "r" (__ARG1) : "cc" ); \
 566:Drivers/CMSIS/Include/cmsis_gcc.h ****   __RES; \
 567:Drivers/CMSIS/Include/cmsis_gcc.h ****  })
 568:Drivers/CMSIS/Include/cmsis_gcc.h **** 
 569:Drivers/CMSIS/Include/cmsis_gcc.h **** 
 570:Drivers/CMSIS/Include/cmsis_gcc.h **** /**
 571:Drivers/CMSIS/Include/cmsis_gcc.h ****   \brief   Unsigned Saturate
 572:Drivers/CMSIS/Include/cmsis_gcc.h ****   \details Saturates an unsigned value.
ARM GAS  /tmp/ccP6Vsm9.s 			page 21


 573:Drivers/CMSIS/Include/cmsis_gcc.h ****   \param [in]  ARG1  Value to be saturated
 574:Drivers/CMSIS/Include/cmsis_gcc.h ****   \param [in]  ARG2  Bit position to saturate to (0..31)
 575:Drivers/CMSIS/Include/cmsis_gcc.h ****   \return             Saturated value
 576:Drivers/CMSIS/Include/cmsis_gcc.h ****  */
 577:Drivers/CMSIS/Include/cmsis_gcc.h **** #define __USAT(ARG1, ARG2) \
 578:Drivers/CMSIS/Include/cmsis_gcc.h **** __extension__ \
 579:Drivers/CMSIS/Include/cmsis_gcc.h **** ({                          \
 580:Drivers/CMSIS/Include/cmsis_gcc.h ****   uint32_t __RES, __ARG1 = (ARG1); \
 581:Drivers/CMSIS/Include/cmsis_gcc.h ****   __ASM volatile ("usat %0, %1, %2" : "=r" (__RES) :  "I" (ARG2), "r" (__ARG1) : "cc" ); \
 582:Drivers/CMSIS/Include/cmsis_gcc.h ****   __RES; \
 583:Drivers/CMSIS/Include/cmsis_gcc.h ****  })
 584:Drivers/CMSIS/Include/cmsis_gcc.h **** 
 585:Drivers/CMSIS/Include/cmsis_gcc.h **** 
 586:Drivers/CMSIS/Include/cmsis_gcc.h **** /**
 587:Drivers/CMSIS/Include/cmsis_gcc.h ****   \brief   Rotate Right with Extend (32 bit)
 588:Drivers/CMSIS/Include/cmsis_gcc.h ****   \details Moves each bit of a bitstring right by one bit.
 589:Drivers/CMSIS/Include/cmsis_gcc.h ****            The carry input is shifted in at the left end of the bitstring.
 590:Drivers/CMSIS/Include/cmsis_gcc.h ****   \param [in]    value  Value to rotate
 591:Drivers/CMSIS/Include/cmsis_gcc.h ****   \return               Rotated value
 592:Drivers/CMSIS/Include/cmsis_gcc.h ****  */
 593:Drivers/CMSIS/Include/cmsis_gcc.h **** __STATIC_FORCEINLINE uint32_t __RRX(uint32_t value)
 594:Drivers/CMSIS/Include/cmsis_gcc.h **** {
 595:Drivers/CMSIS/Include/cmsis_gcc.h ****   uint32_t result;
 596:Drivers/CMSIS/Include/cmsis_gcc.h **** 
 597:Drivers/CMSIS/Include/cmsis_gcc.h ****   __ASM volatile ("rrx %0, %1" : __CMSIS_GCC_OUT_REG (result) : __CMSIS_GCC_USE_REG (value) );
 598:Drivers/CMSIS/Include/cmsis_gcc.h ****   return(result);
 599:Drivers/CMSIS/Include/cmsis_gcc.h **** }
 600:Drivers/CMSIS/Include/cmsis_gcc.h **** 
 601:Drivers/CMSIS/Include/cmsis_gcc.h **** 
 602:Drivers/CMSIS/Include/cmsis_gcc.h **** /**
 603:Drivers/CMSIS/Include/cmsis_gcc.h ****   \brief   LDRT Unprivileged (8 bit)
 604:Drivers/CMSIS/Include/cmsis_gcc.h ****   \details Executes a Unprivileged LDRT instruction for 8 bit value.
 605:Drivers/CMSIS/Include/cmsis_gcc.h ****   \param [in]    ptr  Pointer to data
 606:Drivers/CMSIS/Include/cmsis_gcc.h ****   \return             value of type uint8_t at (*ptr)
 607:Drivers/CMSIS/Include/cmsis_gcc.h ****  */
 608:Drivers/CMSIS/Include/cmsis_gcc.h **** __STATIC_FORCEINLINE uint8_t __LDRBT(volatile uint8_t *ptr)
 609:Drivers/CMSIS/Include/cmsis_gcc.h **** {
 610:Drivers/CMSIS/Include/cmsis_gcc.h ****     uint32_t result;
 611:Drivers/CMSIS/Include/cmsis_gcc.h **** 
 612:Drivers/CMSIS/Include/cmsis_gcc.h **** #if (__GNUC__ > 4) || (__GNUC__ == 4 && __GNUC_MINOR__ >= 8)
 613:Drivers/CMSIS/Include/cmsis_gcc.h ****    __ASM volatile ("ldrbt %0, %1" : "=r" (result) : "Q" (*ptr) );
 614:Drivers/CMSIS/Include/cmsis_gcc.h **** #else
 615:Drivers/CMSIS/Include/cmsis_gcc.h ****     /* Prior to GCC 4.8, "Q" will be expanded to [rx, #0] which is not
 616:Drivers/CMSIS/Include/cmsis_gcc.h ****        accepted by assembler. So has to use following less efficient pattern.
 617:Drivers/CMSIS/Include/cmsis_gcc.h ****     */
 618:Drivers/CMSIS/Include/cmsis_gcc.h ****    __ASM volatile ("ldrbt %0, [%1]" : "=r" (result) : "r" (ptr) : "memory" );
 619:Drivers/CMSIS/Include/cmsis_gcc.h **** #endif
 620:Drivers/CMSIS/Include/cmsis_gcc.h ****    return ((uint8_t) result);    /* Add explicit type cast here */
 621:Drivers/CMSIS/Include/cmsis_gcc.h **** }
 622:Drivers/CMSIS/Include/cmsis_gcc.h **** 
 623:Drivers/CMSIS/Include/cmsis_gcc.h **** 
 624:Drivers/CMSIS/Include/cmsis_gcc.h **** /**
 625:Drivers/CMSIS/Include/cmsis_gcc.h ****   \brief   LDRT Unprivileged (16 bit)
 626:Drivers/CMSIS/Include/cmsis_gcc.h ****   \details Executes a Unprivileged LDRT instruction for 16 bit values.
 627:Drivers/CMSIS/Include/cmsis_gcc.h ****   \param [in]    ptr  Pointer to data
 628:Drivers/CMSIS/Include/cmsis_gcc.h ****   \return        value of type uint16_t at (*ptr)
 629:Drivers/CMSIS/Include/cmsis_gcc.h ****  */
ARM GAS  /tmp/ccP6Vsm9.s 			page 22


 630:Drivers/CMSIS/Include/cmsis_gcc.h **** __STATIC_FORCEINLINE uint16_t __LDRHT(volatile uint16_t *ptr)
 631:Drivers/CMSIS/Include/cmsis_gcc.h **** {
 632:Drivers/CMSIS/Include/cmsis_gcc.h ****     uint32_t result;
 633:Drivers/CMSIS/Include/cmsis_gcc.h **** 
 634:Drivers/CMSIS/Include/cmsis_gcc.h **** #if (__GNUC__ > 4) || (__GNUC__ == 4 && __GNUC_MINOR__ >= 8)
 635:Drivers/CMSIS/Include/cmsis_gcc.h ****    __ASM volatile ("ldrht %0, %1" : "=r" (result) : "Q" (*ptr) );
 636:Drivers/CMSIS/Include/cmsis_gcc.h **** #else
 637:Drivers/CMSIS/Include/cmsis_gcc.h ****     /* Prior to GCC 4.8, "Q" will be expanded to [rx, #0] which is not
 638:Drivers/CMSIS/Include/cmsis_gcc.h ****        accepted by assembler. So has to use following less efficient pattern.
 639:Drivers/CMSIS/Include/cmsis_gcc.h ****     */
 640:Drivers/CMSIS/Include/cmsis_gcc.h ****    __ASM volatile ("ldrht %0, [%1]" : "=r" (result) : "r" (ptr) : "memory" );
 641:Drivers/CMSIS/Include/cmsis_gcc.h **** #endif
 642:Drivers/CMSIS/Include/cmsis_gcc.h ****    return ((uint16_t) result);    /* Add explicit type cast here */
 643:Drivers/CMSIS/Include/cmsis_gcc.h **** }
 644:Drivers/CMSIS/Include/cmsis_gcc.h **** 
 645:Drivers/CMSIS/Include/cmsis_gcc.h **** 
 646:Drivers/CMSIS/Include/cmsis_gcc.h **** /**
 647:Drivers/CMSIS/Include/cmsis_gcc.h ****   \brief   LDRT Unprivileged (32 bit)
 648:Drivers/CMSIS/Include/cmsis_gcc.h ****   \details Executes a Unprivileged LDRT instruction for 32 bit values.
 649:Drivers/CMSIS/Include/cmsis_gcc.h ****   \param [in]    ptr  Pointer to data
 650:Drivers/CMSIS/Include/cmsis_gcc.h ****   \return        value of type uint32_t at (*ptr)
 651:Drivers/CMSIS/Include/cmsis_gcc.h ****  */
 652:Drivers/CMSIS/Include/cmsis_gcc.h **** __STATIC_FORCEINLINE uint32_t __LDRT(volatile uint32_t *ptr)
 653:Drivers/CMSIS/Include/cmsis_gcc.h **** {
 654:Drivers/CMSIS/Include/cmsis_gcc.h ****     uint32_t result;
 655:Drivers/CMSIS/Include/cmsis_gcc.h **** 
 656:Drivers/CMSIS/Include/cmsis_gcc.h ****    __ASM volatile ("ldrt %0, %1" : "=r" (result) : "Q" (*ptr) );
 657:Drivers/CMSIS/Include/cmsis_gcc.h ****    return(result);
 658:Drivers/CMSIS/Include/cmsis_gcc.h **** }
 659:Drivers/CMSIS/Include/cmsis_gcc.h **** 
 660:Drivers/CMSIS/Include/cmsis_gcc.h **** 
 661:Drivers/CMSIS/Include/cmsis_gcc.h **** /**
 662:Drivers/CMSIS/Include/cmsis_gcc.h ****   \brief   STRT Unprivileged (8 bit)
 663:Drivers/CMSIS/Include/cmsis_gcc.h ****   \details Executes a Unprivileged STRT instruction for 8 bit values.
 664:Drivers/CMSIS/Include/cmsis_gcc.h ****   \param [in]  value  Value to store
 665:Drivers/CMSIS/Include/cmsis_gcc.h ****   \param [in]    ptr  Pointer to location
 666:Drivers/CMSIS/Include/cmsis_gcc.h ****  */
 667:Drivers/CMSIS/Include/cmsis_gcc.h **** __STATIC_FORCEINLINE void __STRBT(uint8_t value, volatile uint8_t *ptr)
 668:Drivers/CMSIS/Include/cmsis_gcc.h **** {
 669:Drivers/CMSIS/Include/cmsis_gcc.h ****    __ASM volatile ("strbt %1, %0" : "=Q" (*ptr) : "r" ((uint32_t)value) );
 670:Drivers/CMSIS/Include/cmsis_gcc.h **** }
 671:Drivers/CMSIS/Include/cmsis_gcc.h **** 
 672:Drivers/CMSIS/Include/cmsis_gcc.h **** 
 673:Drivers/CMSIS/Include/cmsis_gcc.h **** /**
 674:Drivers/CMSIS/Include/cmsis_gcc.h ****   \brief   STRT Unprivileged (16 bit)
 675:Drivers/CMSIS/Include/cmsis_gcc.h ****   \details Executes a Unprivileged STRT instruction for 16 bit values.
 676:Drivers/CMSIS/Include/cmsis_gcc.h ****   \param [in]  value  Value to store
 677:Drivers/CMSIS/Include/cmsis_gcc.h ****   \param [in]    ptr  Pointer to location
 678:Drivers/CMSIS/Include/cmsis_gcc.h ****  */
 679:Drivers/CMSIS/Include/cmsis_gcc.h **** __STATIC_FORCEINLINE void __STRHT(uint16_t value, volatile uint16_t *ptr)
 680:Drivers/CMSIS/Include/cmsis_gcc.h **** {
 681:Drivers/CMSIS/Include/cmsis_gcc.h ****    __ASM volatile ("strht %1, %0" : "=Q" (*ptr) : "r" ((uint32_t)value) );
 682:Drivers/CMSIS/Include/cmsis_gcc.h **** }
 683:Drivers/CMSIS/Include/cmsis_gcc.h **** 
 684:Drivers/CMSIS/Include/cmsis_gcc.h **** 
 685:Drivers/CMSIS/Include/cmsis_gcc.h **** /**
 686:Drivers/CMSIS/Include/cmsis_gcc.h ****   \brief   STRT Unprivileged (32 bit)
ARM GAS  /tmp/ccP6Vsm9.s 			page 23


 687:Drivers/CMSIS/Include/cmsis_gcc.h ****   \details Executes a Unprivileged STRT instruction for 32 bit values.
 688:Drivers/CMSIS/Include/cmsis_gcc.h ****   \param [in]  value  Value to store
 689:Drivers/CMSIS/Include/cmsis_gcc.h ****   \param [in]    ptr  Pointer to location
 690:Drivers/CMSIS/Include/cmsis_gcc.h ****  */
 691:Drivers/CMSIS/Include/cmsis_gcc.h **** __STATIC_FORCEINLINE void __STRT(uint32_t value, volatile uint32_t *ptr)
 692:Drivers/CMSIS/Include/cmsis_gcc.h **** {
 693:Drivers/CMSIS/Include/cmsis_gcc.h ****    __ASM volatile ("strt %1, %0" : "=Q" (*ptr) : "r" (value) );
 694:Drivers/CMSIS/Include/cmsis_gcc.h **** }
 695:Drivers/CMSIS/Include/cmsis_gcc.h **** 
 696:Drivers/CMSIS/Include/cmsis_gcc.h **** #else  /* ((defined (__ARM_ARCH_7M__      ) && (__ARM_ARCH_7M__      == 1)) || \
 697:Drivers/CMSIS/Include/cmsis_gcc.h ****            (defined (__ARM_ARCH_7EM__     ) && (__ARM_ARCH_7EM__     == 1)) || \
 698:Drivers/CMSIS/Include/cmsis_gcc.h ****            (defined (__ARM_ARCH_8M_MAIN__ ) && (__ARM_ARCH_8M_MAIN__ == 1))    ) */
 699:Drivers/CMSIS/Include/cmsis_gcc.h **** 
 700:Drivers/CMSIS/Include/cmsis_gcc.h **** /**
 701:Drivers/CMSIS/Include/cmsis_gcc.h ****   \brief   Signed Saturate
 702:Drivers/CMSIS/Include/cmsis_gcc.h ****   \details Saturates a signed value.
 703:Drivers/CMSIS/Include/cmsis_gcc.h ****   \param [in]  value  Value to be saturated
 704:Drivers/CMSIS/Include/cmsis_gcc.h ****   \param [in]    sat  Bit position to saturate to (1..32)
 705:Drivers/CMSIS/Include/cmsis_gcc.h ****   \return             Saturated value
 706:Drivers/CMSIS/Include/cmsis_gcc.h ****  */
 707:Drivers/CMSIS/Include/cmsis_gcc.h **** __STATIC_FORCEINLINE int32_t __SSAT(int32_t val, uint32_t sat)
 708:Drivers/CMSIS/Include/cmsis_gcc.h **** {
 709:Drivers/CMSIS/Include/cmsis_gcc.h ****   if ((sat >= 1U) && (sat <= 32U))
 710:Drivers/CMSIS/Include/cmsis_gcc.h ****   {
 711:Drivers/CMSIS/Include/cmsis_gcc.h ****     const int32_t max = (int32_t)((1U << (sat - 1U)) - 1U);
 712:Drivers/CMSIS/Include/cmsis_gcc.h ****     const int32_t min = -1 - max ;
 713:Drivers/CMSIS/Include/cmsis_gcc.h ****     if (val > max)
 714:Drivers/CMSIS/Include/cmsis_gcc.h ****     {
 715:Drivers/CMSIS/Include/cmsis_gcc.h ****       return max;
 716:Drivers/CMSIS/Include/cmsis_gcc.h ****     }
 717:Drivers/CMSIS/Include/cmsis_gcc.h ****     else if (val < min)
 718:Drivers/CMSIS/Include/cmsis_gcc.h ****     {
 719:Drivers/CMSIS/Include/cmsis_gcc.h ****       return min;
 720:Drivers/CMSIS/Include/cmsis_gcc.h ****     }
 721:Drivers/CMSIS/Include/cmsis_gcc.h ****   }
 722:Drivers/CMSIS/Include/cmsis_gcc.h ****   return val;
 723:Drivers/CMSIS/Include/cmsis_gcc.h **** }
 724:Drivers/CMSIS/Include/cmsis_gcc.h **** 
 725:Drivers/CMSIS/Include/cmsis_gcc.h **** /**
 726:Drivers/CMSIS/Include/cmsis_gcc.h ****   \brief   Unsigned Saturate
 727:Drivers/CMSIS/Include/cmsis_gcc.h ****   \details Saturates an unsigned value.
 728:Drivers/CMSIS/Include/cmsis_gcc.h ****   \param [in]  value  Value to be saturated
 729:Drivers/CMSIS/Include/cmsis_gcc.h ****   \param [in]    sat  Bit position to saturate to (0..31)
 730:Drivers/CMSIS/Include/cmsis_gcc.h ****   \return             Saturated value
 731:Drivers/CMSIS/Include/cmsis_gcc.h ****  */
 732:Drivers/CMSIS/Include/cmsis_gcc.h **** __STATIC_FORCEINLINE uint32_t __USAT(int32_t val, uint32_t sat)
 733:Drivers/CMSIS/Include/cmsis_gcc.h **** {
 734:Drivers/CMSIS/Include/cmsis_gcc.h ****   if (sat <= 31U)
 735:Drivers/CMSIS/Include/cmsis_gcc.h ****   {
 736:Drivers/CMSIS/Include/cmsis_gcc.h ****     const uint32_t max = ((1U << sat) - 1U);
 737:Drivers/CMSIS/Include/cmsis_gcc.h ****     if (val > (int32_t)max)
 738:Drivers/CMSIS/Include/cmsis_gcc.h ****     {
 739:Drivers/CMSIS/Include/cmsis_gcc.h ****       return max;
 740:Drivers/CMSIS/Include/cmsis_gcc.h ****     }
 741:Drivers/CMSIS/Include/cmsis_gcc.h ****     else if (val < 0)
 742:Drivers/CMSIS/Include/cmsis_gcc.h ****     {
 743:Drivers/CMSIS/Include/cmsis_gcc.h ****       return 0U;
ARM GAS  /tmp/ccP6Vsm9.s 			page 24


 744:Drivers/CMSIS/Include/cmsis_gcc.h ****     }
 745:Drivers/CMSIS/Include/cmsis_gcc.h ****   }
 746:Drivers/CMSIS/Include/cmsis_gcc.h ****   return (uint32_t)val;
 747:Drivers/CMSIS/Include/cmsis_gcc.h **** }
 748:Drivers/CMSIS/Include/cmsis_gcc.h **** 
 749:Drivers/CMSIS/Include/cmsis_gcc.h **** #endif /* ((defined (__ARM_ARCH_7M__      ) && (__ARM_ARCH_7M__      == 1)) || \
 750:Drivers/CMSIS/Include/cmsis_gcc.h ****            (defined (__ARM_ARCH_7EM__     ) && (__ARM_ARCH_7EM__     == 1)) || \
 751:Drivers/CMSIS/Include/cmsis_gcc.h ****            (defined (__ARM_ARCH_8M_MAIN__ ) && (__ARM_ARCH_8M_MAIN__ == 1))    ) */
 752:Drivers/CMSIS/Include/cmsis_gcc.h **** 
 753:Drivers/CMSIS/Include/cmsis_gcc.h **** 
 754:Drivers/CMSIS/Include/cmsis_gcc.h **** #if ((defined (__ARM_ARCH_8M_MAIN__ ) && (__ARM_ARCH_8M_MAIN__ == 1)) || \
 755:Drivers/CMSIS/Include/cmsis_gcc.h ****      (defined (__ARM_ARCH_8M_BASE__ ) && (__ARM_ARCH_8M_BASE__ == 1))    )
 756:Drivers/CMSIS/Include/cmsis_gcc.h **** /**
 757:Drivers/CMSIS/Include/cmsis_gcc.h ****   \brief   Load-Acquire (8 bit)
 758:Drivers/CMSIS/Include/cmsis_gcc.h ****   \details Executes a LDAB instruction for 8 bit value.
 759:Drivers/CMSIS/Include/cmsis_gcc.h ****   \param [in]    ptr  Pointer to data
 760:Drivers/CMSIS/Include/cmsis_gcc.h ****   \return             value of type uint8_t at (*ptr)
 761:Drivers/CMSIS/Include/cmsis_gcc.h ****  */
 762:Drivers/CMSIS/Include/cmsis_gcc.h **** __STATIC_FORCEINLINE uint8_t __LDAB(volatile uint8_t *ptr)
 763:Drivers/CMSIS/Include/cmsis_gcc.h **** {
 764:Drivers/CMSIS/Include/cmsis_gcc.h ****     uint32_t result;
 765:Drivers/CMSIS/Include/cmsis_gcc.h **** 
 766:Drivers/CMSIS/Include/cmsis_gcc.h ****    __ASM volatile ("ldab %0, %1" : "=r" (result) : "Q" (*ptr) : "memory" );
 767:Drivers/CMSIS/Include/cmsis_gcc.h ****    return ((uint8_t) result);
 768:Drivers/CMSIS/Include/cmsis_gcc.h **** }
 769:Drivers/CMSIS/Include/cmsis_gcc.h **** 
 770:Drivers/CMSIS/Include/cmsis_gcc.h **** 
 771:Drivers/CMSIS/Include/cmsis_gcc.h **** /**
 772:Drivers/CMSIS/Include/cmsis_gcc.h ****   \brief   Load-Acquire (16 bit)
 773:Drivers/CMSIS/Include/cmsis_gcc.h ****   \details Executes a LDAH instruction for 16 bit values.
 774:Drivers/CMSIS/Include/cmsis_gcc.h ****   \param [in]    ptr  Pointer to data
 775:Drivers/CMSIS/Include/cmsis_gcc.h ****   \return        value of type uint16_t at (*ptr)
 776:Drivers/CMSIS/Include/cmsis_gcc.h ****  */
 777:Drivers/CMSIS/Include/cmsis_gcc.h **** __STATIC_FORCEINLINE uint16_t __LDAH(volatile uint16_t *ptr)
 778:Drivers/CMSIS/Include/cmsis_gcc.h **** {
 779:Drivers/CMSIS/Include/cmsis_gcc.h ****     uint32_t result;
 780:Drivers/CMSIS/Include/cmsis_gcc.h **** 
 781:Drivers/CMSIS/Include/cmsis_gcc.h ****    __ASM volatile ("ldah %0, %1" : "=r" (result) : "Q" (*ptr) : "memory" );
 782:Drivers/CMSIS/Include/cmsis_gcc.h ****    return ((uint16_t) result);
 783:Drivers/CMSIS/Include/cmsis_gcc.h **** }
 784:Drivers/CMSIS/Include/cmsis_gcc.h **** 
 785:Drivers/CMSIS/Include/cmsis_gcc.h **** 
 786:Drivers/CMSIS/Include/cmsis_gcc.h **** /**
 787:Drivers/CMSIS/Include/cmsis_gcc.h ****   \brief   Load-Acquire (32 bit)
 788:Drivers/CMSIS/Include/cmsis_gcc.h ****   \details Executes a LDA instruction for 32 bit values.
 789:Drivers/CMSIS/Include/cmsis_gcc.h ****   \param [in]    ptr  Pointer to data
 790:Drivers/CMSIS/Include/cmsis_gcc.h ****   \return        value of type uint32_t at (*ptr)
 791:Drivers/CMSIS/Include/cmsis_gcc.h ****  */
 792:Drivers/CMSIS/Include/cmsis_gcc.h **** __STATIC_FORCEINLINE uint32_t __LDA(volatile uint32_t *ptr)
 793:Drivers/CMSIS/Include/cmsis_gcc.h **** {
 794:Drivers/CMSIS/Include/cmsis_gcc.h ****     uint32_t result;
 795:Drivers/CMSIS/Include/cmsis_gcc.h **** 
 796:Drivers/CMSIS/Include/cmsis_gcc.h ****    __ASM volatile ("lda %0, %1" : "=r" (result) : "Q" (*ptr) : "memory" );
 797:Drivers/CMSIS/Include/cmsis_gcc.h ****    return(result);
 798:Drivers/CMSIS/Include/cmsis_gcc.h **** }
 799:Drivers/CMSIS/Include/cmsis_gcc.h **** 
 800:Drivers/CMSIS/Include/cmsis_gcc.h **** 
ARM GAS  /tmp/ccP6Vsm9.s 			page 25


 801:Drivers/CMSIS/Include/cmsis_gcc.h **** /**
 802:Drivers/CMSIS/Include/cmsis_gcc.h ****   \brief   Store-Release (8 bit)
 803:Drivers/CMSIS/Include/cmsis_gcc.h ****   \details Executes a STLB instruction for 8 bit values.
 804:Drivers/CMSIS/Include/cmsis_gcc.h ****   \param [in]  value  Value to store
 805:Drivers/CMSIS/Include/cmsis_gcc.h ****   \param [in]    ptr  Pointer to location
 806:Drivers/CMSIS/Include/cmsis_gcc.h ****  */
 807:Drivers/CMSIS/Include/cmsis_gcc.h **** __STATIC_FORCEINLINE void __STLB(uint8_t value, volatile uint8_t *ptr)
 808:Drivers/CMSIS/Include/cmsis_gcc.h **** {
 809:Drivers/CMSIS/Include/cmsis_gcc.h ****    __ASM volatile ("stlb %1, %0" : "=Q" (*ptr) : "r" ((uint32_t)value) : "memory" );
 810:Drivers/CMSIS/Include/cmsis_gcc.h **** }
 811:Drivers/CMSIS/Include/cmsis_gcc.h **** 
 812:Drivers/CMSIS/Include/cmsis_gcc.h **** 
 813:Drivers/CMSIS/Include/cmsis_gcc.h **** /**
 814:Drivers/CMSIS/Include/cmsis_gcc.h ****   \brief   Store-Release (16 bit)
 815:Drivers/CMSIS/Include/cmsis_gcc.h ****   \details Executes a STLH instruction for 16 bit values.
 816:Drivers/CMSIS/Include/cmsis_gcc.h ****   \param [in]  value  Value to store
 817:Drivers/CMSIS/Include/cmsis_gcc.h ****   \param [in]    ptr  Pointer to location
 818:Drivers/CMSIS/Include/cmsis_gcc.h ****  */
 819:Drivers/CMSIS/Include/cmsis_gcc.h **** __STATIC_FORCEINLINE void __STLH(uint16_t value, volatile uint16_t *ptr)
 820:Drivers/CMSIS/Include/cmsis_gcc.h **** {
 821:Drivers/CMSIS/Include/cmsis_gcc.h ****    __ASM volatile ("stlh %1, %0" : "=Q" (*ptr) : "r" ((uint32_t)value) : "memory" );
 822:Drivers/CMSIS/Include/cmsis_gcc.h **** }
 823:Drivers/CMSIS/Include/cmsis_gcc.h **** 
 824:Drivers/CMSIS/Include/cmsis_gcc.h **** 
 825:Drivers/CMSIS/Include/cmsis_gcc.h **** /**
 826:Drivers/CMSIS/Include/cmsis_gcc.h ****   \brief   Store-Release (32 bit)
 827:Drivers/CMSIS/Include/cmsis_gcc.h ****   \details Executes a STL instruction for 32 bit values.
 828:Drivers/CMSIS/Include/cmsis_gcc.h ****   \param [in]  value  Value to store
 829:Drivers/CMSIS/Include/cmsis_gcc.h ****   \param [in]    ptr  Pointer to location
 830:Drivers/CMSIS/Include/cmsis_gcc.h ****  */
 831:Drivers/CMSIS/Include/cmsis_gcc.h **** __STATIC_FORCEINLINE void __STL(uint32_t value, volatile uint32_t *ptr)
 832:Drivers/CMSIS/Include/cmsis_gcc.h **** {
 833:Drivers/CMSIS/Include/cmsis_gcc.h ****    __ASM volatile ("stl %1, %0" : "=Q" (*ptr) : "r" ((uint32_t)value) : "memory" );
 834:Drivers/CMSIS/Include/cmsis_gcc.h **** }
 835:Drivers/CMSIS/Include/cmsis_gcc.h **** 
 836:Drivers/CMSIS/Include/cmsis_gcc.h **** 
 837:Drivers/CMSIS/Include/cmsis_gcc.h **** /**
 838:Drivers/CMSIS/Include/cmsis_gcc.h ****   \brief   Load-Acquire Exclusive (8 bit)
 839:Drivers/CMSIS/Include/cmsis_gcc.h ****   \details Executes a LDAB exclusive instruction for 8 bit value.
 840:Drivers/CMSIS/Include/cmsis_gcc.h ****   \param [in]    ptr  Pointer to data
 841:Drivers/CMSIS/Include/cmsis_gcc.h ****   \return             value of type uint8_t at (*ptr)
 842:Drivers/CMSIS/Include/cmsis_gcc.h ****  */
 843:Drivers/CMSIS/Include/cmsis_gcc.h **** __STATIC_FORCEINLINE uint8_t __LDAEXB(volatile uint8_t *ptr)
 844:Drivers/CMSIS/Include/cmsis_gcc.h **** {
 845:Drivers/CMSIS/Include/cmsis_gcc.h ****     uint32_t result;
 846:Drivers/CMSIS/Include/cmsis_gcc.h **** 
 847:Drivers/CMSIS/Include/cmsis_gcc.h ****    __ASM volatile ("ldaexb %0, %1" : "=r" (result) : "Q" (*ptr) : "memory" );
 848:Drivers/CMSIS/Include/cmsis_gcc.h ****    return ((uint8_t) result);
 849:Drivers/CMSIS/Include/cmsis_gcc.h **** }
 850:Drivers/CMSIS/Include/cmsis_gcc.h **** 
 851:Drivers/CMSIS/Include/cmsis_gcc.h **** 
 852:Drivers/CMSIS/Include/cmsis_gcc.h **** /**
 853:Drivers/CMSIS/Include/cmsis_gcc.h ****   \brief   Load-Acquire Exclusive (16 bit)
 854:Drivers/CMSIS/Include/cmsis_gcc.h ****   \details Executes a LDAH exclusive instruction for 16 bit values.
 855:Drivers/CMSIS/Include/cmsis_gcc.h ****   \param [in]    ptr  Pointer to data
 856:Drivers/CMSIS/Include/cmsis_gcc.h ****   \return        value of type uint16_t at (*ptr)
 857:Drivers/CMSIS/Include/cmsis_gcc.h ****  */
ARM GAS  /tmp/ccP6Vsm9.s 			page 26


 858:Drivers/CMSIS/Include/cmsis_gcc.h **** __STATIC_FORCEINLINE uint16_t __LDAEXH(volatile uint16_t *ptr)
 859:Drivers/CMSIS/Include/cmsis_gcc.h **** {
 860:Drivers/CMSIS/Include/cmsis_gcc.h ****     uint32_t result;
 861:Drivers/CMSIS/Include/cmsis_gcc.h **** 
 862:Drivers/CMSIS/Include/cmsis_gcc.h ****    __ASM volatile ("ldaexh %0, %1" : "=r" (result) : "Q" (*ptr) : "memory" );
 863:Drivers/CMSIS/Include/cmsis_gcc.h ****    return ((uint16_t) result);
 864:Drivers/CMSIS/Include/cmsis_gcc.h **** }
 865:Drivers/CMSIS/Include/cmsis_gcc.h **** 
 866:Drivers/CMSIS/Include/cmsis_gcc.h **** 
 867:Drivers/CMSIS/Include/cmsis_gcc.h **** /**
 868:Drivers/CMSIS/Include/cmsis_gcc.h ****   \brief   Load-Acquire Exclusive (32 bit)
 869:Drivers/CMSIS/Include/cmsis_gcc.h ****   \details Executes a LDA exclusive instruction for 32 bit values.
 870:Drivers/CMSIS/Include/cmsis_gcc.h ****   \param [in]    ptr  Pointer to data
 871:Drivers/CMSIS/Include/cmsis_gcc.h ****   \return        value of type uint32_t at (*ptr)
 872:Drivers/CMSIS/Include/cmsis_gcc.h ****  */
 873:Drivers/CMSIS/Include/cmsis_gcc.h **** __STATIC_FORCEINLINE uint32_t __LDAEX(volatile uint32_t *ptr)
 874:Drivers/CMSIS/Include/cmsis_gcc.h **** {
 875:Drivers/CMSIS/Include/cmsis_gcc.h ****     uint32_t result;
 876:Drivers/CMSIS/Include/cmsis_gcc.h **** 
 877:Drivers/CMSIS/Include/cmsis_gcc.h ****    __ASM volatile ("ldaex %0, %1" : "=r" (result) : "Q" (*ptr) : "memory" );
 878:Drivers/CMSIS/Include/cmsis_gcc.h ****    return(result);
 879:Drivers/CMSIS/Include/cmsis_gcc.h **** }
 880:Drivers/CMSIS/Include/cmsis_gcc.h **** 
 881:Drivers/CMSIS/Include/cmsis_gcc.h **** 
 882:Drivers/CMSIS/Include/cmsis_gcc.h **** /**
 883:Drivers/CMSIS/Include/cmsis_gcc.h ****   \brief   Store-Release Exclusive (8 bit)
 884:Drivers/CMSIS/Include/cmsis_gcc.h ****   \details Executes a STLB exclusive instruction for 8 bit values.
 885:Drivers/CMSIS/Include/cmsis_gcc.h ****   \param [in]  value  Value to store
 886:Drivers/CMSIS/Include/cmsis_gcc.h ****   \param [in]    ptr  Pointer to location
 887:Drivers/CMSIS/Include/cmsis_gcc.h ****   \return          0  Function succeeded
 888:Drivers/CMSIS/Include/cmsis_gcc.h ****   \return          1  Function failed
 889:Drivers/CMSIS/Include/cmsis_gcc.h ****  */
 890:Drivers/CMSIS/Include/cmsis_gcc.h **** __STATIC_FORCEINLINE uint32_t __STLEXB(uint8_t value, volatile uint8_t *ptr)
 891:Drivers/CMSIS/Include/cmsis_gcc.h **** {
 892:Drivers/CMSIS/Include/cmsis_gcc.h ****    uint32_t result;
 893:Drivers/CMSIS/Include/cmsis_gcc.h **** 
 894:Drivers/CMSIS/Include/cmsis_gcc.h ****    __ASM volatile ("stlexb %0, %2, %1" : "=&r" (result), "=Q" (*ptr) : "r" ((uint32_t)value) : "mem
 895:Drivers/CMSIS/Include/cmsis_gcc.h ****    return(result);
 896:Drivers/CMSIS/Include/cmsis_gcc.h **** }
 897:Drivers/CMSIS/Include/cmsis_gcc.h **** 
 898:Drivers/CMSIS/Include/cmsis_gcc.h **** 
 899:Drivers/CMSIS/Include/cmsis_gcc.h **** /**
 900:Drivers/CMSIS/Include/cmsis_gcc.h ****   \brief   Store-Release Exclusive (16 bit)
 901:Drivers/CMSIS/Include/cmsis_gcc.h ****   \details Executes a STLH exclusive instruction for 16 bit values.
 902:Drivers/CMSIS/Include/cmsis_gcc.h ****   \param [in]  value  Value to store
 903:Drivers/CMSIS/Include/cmsis_gcc.h ****   \param [in]    ptr  Pointer to location
 904:Drivers/CMSIS/Include/cmsis_gcc.h ****   \return          0  Function succeeded
 905:Drivers/CMSIS/Include/cmsis_gcc.h ****   \return          1  Function failed
 906:Drivers/CMSIS/Include/cmsis_gcc.h ****  */
 907:Drivers/CMSIS/Include/cmsis_gcc.h **** __STATIC_FORCEINLINE uint32_t __STLEXH(uint16_t value, volatile uint16_t *ptr)
 908:Drivers/CMSIS/Include/cmsis_gcc.h **** {
 909:Drivers/CMSIS/Include/cmsis_gcc.h ****    uint32_t result;
 910:Drivers/CMSIS/Include/cmsis_gcc.h **** 
 911:Drivers/CMSIS/Include/cmsis_gcc.h ****    __ASM volatile ("stlexh %0, %2, %1" : "=&r" (result), "=Q" (*ptr) : "r" ((uint32_t)value) : "mem
 912:Drivers/CMSIS/Include/cmsis_gcc.h ****    return(result);
 913:Drivers/CMSIS/Include/cmsis_gcc.h **** }
 914:Drivers/CMSIS/Include/cmsis_gcc.h **** 
ARM GAS  /tmp/ccP6Vsm9.s 			page 27


 915:Drivers/CMSIS/Include/cmsis_gcc.h **** 
 916:Drivers/CMSIS/Include/cmsis_gcc.h **** /**
 917:Drivers/CMSIS/Include/cmsis_gcc.h ****   \brief   Store-Release Exclusive (32 bit)
 918:Drivers/CMSIS/Include/cmsis_gcc.h ****   \details Executes a STL exclusive instruction for 32 bit values.
 919:Drivers/CMSIS/Include/cmsis_gcc.h ****   \param [in]  value  Value to store
 920:Drivers/CMSIS/Include/cmsis_gcc.h ****   \param [in]    ptr  Pointer to location
 921:Drivers/CMSIS/Include/cmsis_gcc.h ****   \return          0  Function succeeded
 922:Drivers/CMSIS/Include/cmsis_gcc.h ****   \return          1  Function failed
 923:Drivers/CMSIS/Include/cmsis_gcc.h ****  */
 924:Drivers/CMSIS/Include/cmsis_gcc.h **** __STATIC_FORCEINLINE uint32_t __STLEX(uint32_t value, volatile uint32_t *ptr)
 925:Drivers/CMSIS/Include/cmsis_gcc.h **** {
 926:Drivers/CMSIS/Include/cmsis_gcc.h ****    uint32_t result;
 927:Drivers/CMSIS/Include/cmsis_gcc.h **** 
 928:Drivers/CMSIS/Include/cmsis_gcc.h ****    __ASM volatile ("stlex %0, %2, %1" : "=&r" (result), "=Q" (*ptr) : "r" ((uint32_t)value) : "memo
 929:Drivers/CMSIS/Include/cmsis_gcc.h ****    return(result);
 930:Drivers/CMSIS/Include/cmsis_gcc.h **** }
 931:Drivers/CMSIS/Include/cmsis_gcc.h **** 
 932:Drivers/CMSIS/Include/cmsis_gcc.h **** #endif /* ((defined (__ARM_ARCH_8M_MAIN__ ) && (__ARM_ARCH_8M_MAIN__ == 1)) || \
 933:Drivers/CMSIS/Include/cmsis_gcc.h ****            (defined (__ARM_ARCH_8M_BASE__ ) && (__ARM_ARCH_8M_BASE__ == 1))    ) */
 934:Drivers/CMSIS/Include/cmsis_gcc.h **** 
 935:Drivers/CMSIS/Include/cmsis_gcc.h **** /*@}*/ /* end of group CMSIS_Core_InstructionInterface */
 936:Drivers/CMSIS/Include/cmsis_gcc.h **** 
 937:Drivers/CMSIS/Include/cmsis_gcc.h **** 
 938:Drivers/CMSIS/Include/cmsis_gcc.h **** /* ###########################  Core Function Access  ########################### */
 939:Drivers/CMSIS/Include/cmsis_gcc.h **** /** \ingroup  CMSIS_Core_FunctionInterface
 940:Drivers/CMSIS/Include/cmsis_gcc.h ****     \defgroup CMSIS_Core_RegAccFunctions CMSIS Core Register Access Functions
 941:Drivers/CMSIS/Include/cmsis_gcc.h ****   @{
 942:Drivers/CMSIS/Include/cmsis_gcc.h ****  */
 943:Drivers/CMSIS/Include/cmsis_gcc.h **** 
 944:Drivers/CMSIS/Include/cmsis_gcc.h **** /**
 945:Drivers/CMSIS/Include/cmsis_gcc.h ****   \brief   Enable IRQ Interrupts
 946:Drivers/CMSIS/Include/cmsis_gcc.h ****   \details Enables IRQ interrupts by clearing special-purpose register PRIMASK.
 947:Drivers/CMSIS/Include/cmsis_gcc.h ****            Can only be executed in Privileged modes.
 948:Drivers/CMSIS/Include/cmsis_gcc.h ****  */
 949:Drivers/CMSIS/Include/cmsis_gcc.h **** __STATIC_FORCEINLINE void __enable_irq(void)
 950:Drivers/CMSIS/Include/cmsis_gcc.h **** {
 951:Drivers/CMSIS/Include/cmsis_gcc.h ****   __ASM volatile ("cpsie i" : : : "memory");
 952:Drivers/CMSIS/Include/cmsis_gcc.h **** }
 953:Drivers/CMSIS/Include/cmsis_gcc.h **** 
 954:Drivers/CMSIS/Include/cmsis_gcc.h **** 
 955:Drivers/CMSIS/Include/cmsis_gcc.h **** /**
 956:Drivers/CMSIS/Include/cmsis_gcc.h ****   \brief   Disable IRQ Interrupts
 957:Drivers/CMSIS/Include/cmsis_gcc.h ****   \details Disables IRQ interrupts by setting special-purpose register PRIMASK.
 958:Drivers/CMSIS/Include/cmsis_gcc.h ****            Can only be executed in Privileged modes.
 959:Drivers/CMSIS/Include/cmsis_gcc.h ****  */
 960:Drivers/CMSIS/Include/cmsis_gcc.h **** __STATIC_FORCEINLINE void __disable_irq(void)
 302              		.loc 2 960 27 view .LVU46
 303              	.LBB5:
 961:Drivers/CMSIS/Include/cmsis_gcc.h **** {
 962:Drivers/CMSIS/Include/cmsis_gcc.h ****   __ASM volatile ("cpsid i" : : : "memory");
 304              		.loc 2 962 3 view .LVU47
 305              		.syntax unified
 306              	@ 962 "Drivers/CMSIS/Include/cmsis_gcc.h" 1
 307 0000 72B6     		cpsid i
 308              	@ 0 "" 2
 309              		.thumb
 310              		.syntax unified
ARM GAS  /tmp/ccP6Vsm9.s 			page 28


 311              	.L24:
 312              	.LBE5:
 313              	.LBE4:
 243:Core/Src/main.c ****     while (1)
 314              		.loc 1 243 5 discriminator 1 view .LVU48
 244:Core/Src/main.c ****     {
 245:Core/Src/main.c ****     }
 315              		.loc 1 245 5 discriminator 1 view .LVU49
 243:Core/Src/main.c ****     while (1)
 316              		.loc 1 243 11 discriminator 1 view .LVU50
 317 0002 FEE7     		b	.L24
 318              		.cfi_endproc
 319              	.LFE249:
 321              		.section	.text.SystemClock_Config,"ax",%progbits
 322              		.align	1
 323              		.global	SystemClock_Config
 324              		.syntax unified
 325              		.thumb
 326              		.thumb_func
 328              	SystemClock_Config:
 329              	.LFB247:
 176:Core/Src/main.c ****   RCC_OscInitTypeDef RCC_OscInitStruct = {0};
 330              		.loc 1 176 1 view -0
 331              		.cfi_startproc
 332              		@ args = 0, pretend = 0, frame = 80
 333              		@ frame_needed = 0, uses_anonymous_args = 0
 334 0000 00B5     		push	{lr}
 335              	.LCFI5:
 336              		.cfi_def_cfa_offset 4
 337              		.cfi_offset 14, -4
 338 0002 95B0     		sub	sp, sp, #84
 339              	.LCFI6:
 340              		.cfi_def_cfa_offset 88
 177:Core/Src/main.c ****   RCC_ClkInitTypeDef RCC_ClkInitStruct = {0};
 341              		.loc 1 177 3 view .LVU52
 177:Core/Src/main.c ****   RCC_ClkInitTypeDef RCC_ClkInitStruct = {0};
 342              		.loc 1 177 22 is_stmt 0 view .LVU53
 343 0004 3022     		movs	r2, #48
 344 0006 0021     		movs	r1, #0
 345 0008 08A8     		add	r0, sp, #32
 346 000a FFF7FEFF 		bl	memset
 347              	.LVL26:
 178:Core/Src/main.c **** 
 348              		.loc 1 178 3 is_stmt 1 view .LVU54
 178:Core/Src/main.c **** 
 349              		.loc 1 178 22 is_stmt 0 view .LVU55
 350 000e 0023     		movs	r3, #0
 351 0010 0393     		str	r3, [sp, #12]
 352 0012 0493     		str	r3, [sp, #16]
 353 0014 0593     		str	r3, [sp, #20]
 354 0016 0693     		str	r3, [sp, #24]
 355 0018 0793     		str	r3, [sp, #28]
 182:Core/Src/main.c ****   __HAL_PWR_VOLTAGESCALING_CONFIG(PWR_REGULATOR_VOLTAGE_SCALE1);
 356              		.loc 1 182 3 is_stmt 1 view .LVU56
 357              	.LBB6:
 182:Core/Src/main.c ****   __HAL_PWR_VOLTAGESCALING_CONFIG(PWR_REGULATOR_VOLTAGE_SCALE1);
 358              		.loc 1 182 3 view .LVU57
ARM GAS  /tmp/ccP6Vsm9.s 			page 29


 359 001a 0193     		str	r3, [sp, #4]
 182:Core/Src/main.c ****   __HAL_PWR_VOLTAGESCALING_CONFIG(PWR_REGULATOR_VOLTAGE_SCALE1);
 360              		.loc 1 182 3 view .LVU58
 361 001c 184A     		ldr	r2, .L31
 362 001e 116C     		ldr	r1, [r2, #64]
 363 0020 41F08051 		orr	r1, r1, #268435456
 364 0024 1164     		str	r1, [r2, #64]
 182:Core/Src/main.c ****   __HAL_PWR_VOLTAGESCALING_CONFIG(PWR_REGULATOR_VOLTAGE_SCALE1);
 365              		.loc 1 182 3 view .LVU59
 366 0026 126C     		ldr	r2, [r2, #64]
 367 0028 02F08052 		and	r2, r2, #268435456
 368 002c 0192     		str	r2, [sp, #4]
 182:Core/Src/main.c ****   __HAL_PWR_VOLTAGESCALING_CONFIG(PWR_REGULATOR_VOLTAGE_SCALE1);
 369              		.loc 1 182 3 view .LVU60
 370 002e 019A     		ldr	r2, [sp, #4]
 371              	.LBE6:
 182:Core/Src/main.c ****   __HAL_PWR_VOLTAGESCALING_CONFIG(PWR_REGULATOR_VOLTAGE_SCALE1);
 372              		.loc 1 182 3 view .LVU61
 183:Core/Src/main.c **** 
 373              		.loc 1 183 3 view .LVU62
 374              	.LBB7:
 183:Core/Src/main.c **** 
 375              		.loc 1 183 3 view .LVU63
 376 0030 0293     		str	r3, [sp, #8]
 183:Core/Src/main.c **** 
 377              		.loc 1 183 3 view .LVU64
 378 0032 144A     		ldr	r2, .L31+4
 379 0034 1168     		ldr	r1, [r2]
 380 0036 41F48041 		orr	r1, r1, #16384
 381 003a 1160     		str	r1, [r2]
 183:Core/Src/main.c **** 
 382              		.loc 1 183 3 view .LVU65
 383 003c 1268     		ldr	r2, [r2]
 384 003e 02F48042 		and	r2, r2, #16384
 385 0042 0292     		str	r2, [sp, #8]
 183:Core/Src/main.c **** 
 386              		.loc 1 183 3 view .LVU66
 387 0044 029A     		ldr	r2, [sp, #8]
 388              	.LBE7:
 183:Core/Src/main.c **** 
 389              		.loc 1 183 3 view .LVU67
 188:Core/Src/main.c ****   RCC_OscInitStruct.HSIState = RCC_HSI_ON;
 390              		.loc 1 188 3 view .LVU68
 188:Core/Src/main.c ****   RCC_OscInitStruct.HSIState = RCC_HSI_ON;
 391              		.loc 1 188 36 is_stmt 0 view .LVU69
 392 0046 0222     		movs	r2, #2
 393 0048 0892     		str	r2, [sp, #32]
 189:Core/Src/main.c ****   RCC_OscInitStruct.HSICalibrationValue = RCC_HSICALIBRATION_DEFAULT;
 394              		.loc 1 189 3 is_stmt 1 view .LVU70
 189:Core/Src/main.c ****   RCC_OscInitStruct.HSICalibrationValue = RCC_HSICALIBRATION_DEFAULT;
 395              		.loc 1 189 30 is_stmt 0 view .LVU71
 396 004a 0122     		movs	r2, #1
 397 004c 0B92     		str	r2, [sp, #44]
 190:Core/Src/main.c ****   RCC_OscInitStruct.PLL.PLLState = RCC_PLL_NONE;
 398              		.loc 1 190 3 is_stmt 1 view .LVU72
 190:Core/Src/main.c ****   RCC_OscInitStruct.PLL.PLLState = RCC_PLL_NONE;
 399              		.loc 1 190 41 is_stmt 0 view .LVU73
ARM GAS  /tmp/ccP6Vsm9.s 			page 30


 400 004e 1022     		movs	r2, #16
 401 0050 0C92     		str	r2, [sp, #48]
 191:Core/Src/main.c ****   if (HAL_RCC_OscConfig(&RCC_OscInitStruct) != HAL_OK)
 402              		.loc 1 191 3 is_stmt 1 view .LVU74
 191:Core/Src/main.c ****   if (HAL_RCC_OscConfig(&RCC_OscInitStruct) != HAL_OK)
 403              		.loc 1 191 34 is_stmt 0 view .LVU75
 404 0052 0E93     		str	r3, [sp, #56]
 192:Core/Src/main.c ****   {
 405              		.loc 1 192 3 is_stmt 1 view .LVU76
 192:Core/Src/main.c ****   {
 406              		.loc 1 192 7 is_stmt 0 view .LVU77
 407 0054 08A8     		add	r0, sp, #32
 408 0056 FFF7FEFF 		bl	HAL_RCC_OscConfig
 409              	.LVL27:
 192:Core/Src/main.c ****   {
 410              		.loc 1 192 6 view .LVU78
 411 005a 68B9     		cbnz	r0, .L29
 199:Core/Src/main.c ****                               |RCC_CLOCKTYPE_PCLK1|RCC_CLOCKTYPE_PCLK2;
 412              		.loc 1 199 3 is_stmt 1 view .LVU79
 199:Core/Src/main.c ****                               |RCC_CLOCKTYPE_PCLK1|RCC_CLOCKTYPE_PCLK2;
 413              		.loc 1 199 31 is_stmt 0 view .LVU80
 414 005c 0F23     		movs	r3, #15
 415 005e 0393     		str	r3, [sp, #12]
 201:Core/Src/main.c ****   RCC_ClkInitStruct.AHBCLKDivider = RCC_SYSCLK_DIV1;
 416              		.loc 1 201 3 is_stmt 1 view .LVU81
 201:Core/Src/main.c ****   RCC_ClkInitStruct.AHBCLKDivider = RCC_SYSCLK_DIV1;
 417              		.loc 1 201 34 is_stmt 0 view .LVU82
 418 0060 0021     		movs	r1, #0
 419 0062 0491     		str	r1, [sp, #16]
 202:Core/Src/main.c ****   RCC_ClkInitStruct.APB1CLKDivider = RCC_HCLK_DIV1;
 420              		.loc 1 202 3 is_stmt 1 view .LVU83
 202:Core/Src/main.c ****   RCC_ClkInitStruct.APB1CLKDivider = RCC_HCLK_DIV1;
 421              		.loc 1 202 35 is_stmt 0 view .LVU84
 422 0064 0591     		str	r1, [sp, #20]
 203:Core/Src/main.c ****   RCC_ClkInitStruct.APB2CLKDivider = RCC_HCLK_DIV1;
 423              		.loc 1 203 3 is_stmt 1 view .LVU85
 203:Core/Src/main.c ****   RCC_ClkInitStruct.APB2CLKDivider = RCC_HCLK_DIV1;
 424              		.loc 1 203 36 is_stmt 0 view .LVU86
 425 0066 0691     		str	r1, [sp, #24]
 204:Core/Src/main.c **** 
 426              		.loc 1 204 3 is_stmt 1 view .LVU87
 204:Core/Src/main.c **** 
 427              		.loc 1 204 36 is_stmt 0 view .LVU88
 428 0068 0791     		str	r1, [sp, #28]
 206:Core/Src/main.c ****   {
 429              		.loc 1 206 3 is_stmt 1 view .LVU89
 206:Core/Src/main.c ****   {
 430              		.loc 1 206 7 is_stmt 0 view .LVU90
 431 006a 03A8     		add	r0, sp, #12
 432 006c FFF7FEFF 		bl	HAL_RCC_ClockConfig
 433              	.LVL28:
 206:Core/Src/main.c ****   {
 434              		.loc 1 206 6 view .LVU91
 435 0070 20B9     		cbnz	r0, .L30
 210:Core/Src/main.c **** 
 436              		.loc 1 210 1 view .LVU92
 437 0072 15B0     		add	sp, sp, #84
ARM GAS  /tmp/ccP6Vsm9.s 			page 31


 438              	.LCFI7:
 439              		.cfi_remember_state
 440              		.cfi_def_cfa_offset 4
 441              		@ sp needed
 442 0074 5DF804FB 		ldr	pc, [sp], #4
 443              	.L29:
 444              	.LCFI8:
 445              		.cfi_restore_state
 194:Core/Src/main.c ****   }
 446              		.loc 1 194 5 is_stmt 1 view .LVU93
 447 0078 FFF7FEFF 		bl	Error_Handler
 448              	.LVL29:
 449              	.L30:
 208:Core/Src/main.c ****   }
 450              		.loc 1 208 5 view .LVU94
 451 007c FFF7FEFF 		bl	Error_Handler
 452              	.LVL30:
 453              	.L32:
 454              		.align	2
 455              	.L31:
 456 0080 00380240 		.word	1073887232
 457 0084 00700040 		.word	1073770496
 458              		.cfi_endproc
 459              	.LFE247:
 461              		.section	.rodata.main.str1.4,"aMS",%progbits,1
 462              		.align	2
 463              	.LC0:
 464 0000 7B227465 		.ascii	"{\"temperature\":%.1f}\012\015\000"
 464      6D706572 
 464      61747572 
 464      65223A25 
 464      2E31667D 
 465              		.section	.text.main,"ax",%progbits
 466              		.align	1
 467              		.global	main
 468              		.syntax unified
 469              		.thumb
 470              		.thumb_func
 472              	main:
 473              	.LFB246:
 109:Core/Src/main.c **** 
 474              		.loc 1 109 1 view -0
 475              		.cfi_startproc
 476              		@ Volatile: function does not return.
 477              		@ args = 0, pretend = 0, frame = 0
 478              		@ frame_needed = 0, uses_anonymous_args = 0
 479 0000 00B5     		push	{lr}
 480              	.LCFI9:
 481              		.cfi_def_cfa_offset 4
 482              		.cfi_offset 14, -4
 483 0002 83B0     		sub	sp, sp, #12
 484              	.LCFI10:
 485              		.cfi_def_cfa_offset 16
 118:Core/Src/main.c **** 
 486              		.loc 1 118 3 view .LVU96
 487 0004 FFF7FEFF 		bl	HAL_Init
 488              	.LVL31:
ARM GAS  /tmp/ccP6Vsm9.s 			page 32


 125:Core/Src/main.c **** 
 489              		.loc 1 125 3 view .LVU97
 490 0008 FFF7FEFF 		bl	SystemClock_Config
 491              	.LVL32:
 132:Core/Src/main.c ****   MX_GPIO_Init();
 492              		.loc 1 132 3 view .LVU98
 493 000c FFF7FEFF 		bl	MX_DMA_Init
 494              	.LVL33:
 133:Core/Src/main.c ****   MX_ADC1_Init();
 495              		.loc 1 133 3 view .LVU99
 496 0010 FFF7FEFF 		bl	MX_GPIO_Init
 497              	.LVL34:
 134:Core/Src/main.c ****   MX_USART1_UART_Init();
 498              		.loc 1 134 3 view .LVU100
 499 0014 FFF7FEFF 		bl	MX_ADC1_Init
 500              	.LVL35:
 135:Core/Src/main.c ****   MX_USART2_UART_Init();
 501              		.loc 1 135 3 view .LVU101
 502 0018 FFF7FEFF 		bl	MX_USART1_UART_Init
 503              	.LVL36:
 136:Core/Src/main.c ****   MX_TIM2_Init();
 504              		.loc 1 136 3 view .LVU102
 505 001c FFF7FEFF 		bl	MX_USART2_UART_Init
 506              	.LVL37:
 137:Core/Src/main.c ****   MX_TIM5_Init();
 507              		.loc 1 137 3 view .LVU103
 508 0020 FFF7FEFF 		bl	MX_TIM2_Init
 509              	.LVL38:
 138:Core/Src/main.c **** 
 510              		.loc 1 138 3 view .LVU104
 511 0024 FFF7FEFF 		bl	MX_TIM5_Init
 512              	.LVL39:
 141:Core/Src/main.c ****   /* USER CODE BEGIN 2 */
 513              		.loc 1 141 3 view .LVU105
 514 0028 FFF7FEFF 		bl	MX_NVIC_Init
 515              	.LVL40:
 150:Core/Src/main.c ****     HAL_TIM_Base_Start_IT(&htim5);
 516              		.loc 1 150 5 view .LVU106
 517 002c 1348     		ldr	r0, .L37
 518 002e FFF7FEFF 		bl	HAL_TIM_Base_Start
 519              	.LVL41:
 151:Core/Src/main.c ****     HAL_ADC_Start_DMA(&hadc1, (uint32_t*)adc_val, 2);
 520              		.loc 1 151 5 view .LVU107
 521 0032 1348     		ldr	r0, .L37+4
 522 0034 FFF7FEFF 		bl	HAL_TIM_Base_Start_IT
 523              	.LVL42:
 152:Core/Src/main.c ****     // HAL_ADC_PollForConversion();
 524              		.loc 1 152 5 view .LVU108
 525 0038 0222     		movs	r2, #2
 526 003a 1249     		ldr	r1, .L37+8
 527 003c 1248     		ldr	r0, .L37+12
 528 003e FFF7FEFF 		bl	HAL_ADC_Start_DMA
 529              	.LVL43:
 530              	.L34:
 154:Core/Src/main.c ****     {
 531              		.loc 1 154 5 view .LVU109
 156:Core/Src/main.c ****         {
ARM GAS  /tmp/ccP6Vsm9.s 			page 33


 532              		.loc 1 156 9 view .LVU110
 156:Core/Src/main.c ****         {
 533              		.loc 1 156 13 is_stmt 0 view .LVU111
 534 0042 124B     		ldr	r3, .L37+16
 535 0044 1B78     		ldrb	r3, [r3]	@ zero_extendqisi2
 156:Core/Src/main.c ****         {
 536              		.loc 1 156 12 view .LVU112
 537 0046 002B     		cmp	r3, #0
 538 0048 FBD0     		beq	.L34
 158:Core/Src/main.c ****             myTemp = calc_temp(adc_val[0]);
 539              		.loc 1 158 13 is_stmt 1 view .LVU113
 158:Core/Src/main.c ****             myTemp = calc_temp(adc_val[0]);
 540              		.loc 1 158 22 is_stmt 0 view .LVU114
 541 004a 104B     		ldr	r3, .L37+16
 542 004c 0022     		movs	r2, #0
 543 004e 1A70     		strb	r2, [r3]
 159:Core/Src/main.c ****             snprintf(tx_buff, TX_BUFF_SIZE, "{\"temperature\":%.1f}\n\r",
 544              		.loc 1 159 13 is_stmt 1 view .LVU115
 159:Core/Src/main.c ****             snprintf(tx_buff, TX_BUFF_SIZE, "{\"temperature\":%.1f}\n\r",
 545              		.loc 1 159 39 is_stmt 0 view .LVU116
 546 0050 0C4B     		ldr	r3, .L37+8
 547 0052 1888     		ldrh	r0, [r3]
 159:Core/Src/main.c ****             snprintf(tx_buff, TX_BUFF_SIZE, "{\"temperature\":%.1f}\n\r",
 548              		.loc 1 159 22 view .LVU117
 549 0054 C0B2     		uxtb	r0, r0
 550 0056 FFF7FEFF 		bl	calc_temp
 551              	.LVL44:
 159:Core/Src/main.c ****             snprintf(tx_buff, TX_BUFF_SIZE, "{\"temperature\":%.1f}\n\r",
 552              		.loc 1 159 20 view .LVU118
 553 005a 0D4B     		ldr	r3, .L37+20
 554 005c 83ED000B 		vstr.64	d0, [r3]
 160:Core/Src/main.c ****                      myTemp);
 555              		.loc 1 160 13 is_stmt 1 view .LVU119
 556 0060 0C4C     		ldr	r4, .L37+24
 557 0062 8DED000B 		vstr.64	d0, [sp]
 558 0066 0C4A     		ldr	r2, .L37+28
 559 0068 1E21     		movs	r1, #30
 560 006a 2046     		mov	r0, r4
 561 006c FFF7FEFF 		bl	snprintf
 562              	.LVL45:
 162:Core/Src/main.c ****         }
 563              		.loc 1 162 13 view .LVU120
 564 0070 1E22     		movs	r2, #30
 565 0072 2146     		mov	r1, r4
 566 0074 0948     		ldr	r0, .L37+32
 567 0076 FFF7FEFF 		bl	HAL_UART_Transmit_DMA
 568              	.LVL46:
 569 007a E2E7     		b	.L34
 570              	.L38:
 571              		.align	2
 572              	.L37:
 573 007c 00000000 		.word	htim2
 574 0080 00000000 		.word	htim5
 575 0084 00000000 		.word	.LANCHOR1
 576 0088 00000000 		.word	hadc1
 577 008c 00000000 		.word	.LANCHOR0
 578 0090 00000000 		.word	.LANCHOR2
ARM GAS  /tmp/ccP6Vsm9.s 			page 34


 579 0094 00000000 		.word	.LANCHOR3
 580 0098 00000000 		.word	.LC0
 581 009c 00000000 		.word	huart2
 582              		.cfi_endproc
 583              	.LFE246:
 585              		.global	tx_buff
 586              		.global	myTemp
 587              		.global	cnv_cplt
 588              		.global	adc_val
 589              		.section	.bss.adc_val,"aw",%nobits
 590              		.align	2
 591              		.set	.LANCHOR1,. + 0
 594              	adc_val:
 595 0000 0000     		.space	2
 596              		.section	.bss.cnv_cplt,"aw",%nobits
 597              		.set	.LANCHOR0,. + 0
 600              	cnv_cplt:
 601 0000 00       		.space	1
 602              		.section	.bss.myTemp,"aw",%nobits
 603              		.align	3
 604              		.set	.LANCHOR2,. + 0
 607              	myTemp:
 608 0000 00000000 		.space	8
 608      00000000 
 609              		.section	.bss.tx_buff,"aw",%nobits
 610              		.align	2
 611              		.set	.LANCHOR3,. + 0
 614              	tx_buff:
 615 0000 00000000 		.space	30
 615      00000000 
 615      00000000 
 615      00000000 
 615      00000000 
 616              		.text
 617              	.Letext0:
 618              		.file 3 "/opt/gcc-arm-none-eabi-10.3-2021.10/arm-none-eabi/include/machine/_default_types.h"
 619              		.file 4 "/opt/gcc-arm-none-eabi-10.3-2021.10/arm-none-eabi/include/sys/_stdint.h"
 620              		.file 5 "Drivers/CMSIS/Device/ST/STM32F4xx/Include/stm32f407xx.h"
 621              		.file 6 "Drivers/CMSIS/Device/ST/STM32F4xx/Include/stm32f4xx.h"
 622              		.file 7 "Drivers/STM32F4xx_HAL_Driver/Inc/stm32f4xx_hal_def.h"
 623              		.file 8 "Drivers/STM32F4xx_HAL_Driver/Inc/stm32f4xx_hal_rcc_ex.h"
 624              		.file 9 "Drivers/STM32F4xx_HAL_Driver/Inc/stm32f4xx_hal_rcc.h"
 625              		.file 10 "Drivers/STM32F4xx_HAL_Driver/Inc/stm32f4xx_hal_dma.h"
 626              		.file 11 "Drivers/STM32F4xx_HAL_Driver/Inc/stm32f4xx_hal_adc.h"
 627              		.file 12 "Drivers/STM32F4xx_HAL_Driver/Inc/stm32f4xx_hal_tim.h"
 628              		.file 13 "Drivers/STM32F4xx_HAL_Driver/Inc/stm32f4xx_hal_uart.h"
 629              		.file 14 "Core/Inc/adc.h"
 630              		.file 15 "Core/Inc/tim.h"
 631              		.file 16 "Core/Inc/usart.h"
 632              		.file 17 "Drivers/STM32F4xx_HAL_Driver/Inc/stm32f4xx_hal_cortex.h"
 633              		.file 18 "Drivers/STM32F4xx_HAL_Driver/Inc/stm32f4xx_hal.h"
 634              		.file 19 "Core/Inc/dma.h"
 635              		.file 20 "Core/Inc/gpio.h"
 636              		.file 21 "/opt/gcc-arm-none-eabi-10.3-2021.10/arm-none-eabi/include/stdio.h"
 637              		.file 22 "Drivers/STM32F4xx_HAL_Driver/Inc/stm32f4xx_hal_gpio.h"
 638              		.file 23 "<built-in>"
ARM GAS  /tmp/ccP6Vsm9.s 			page 35


DEFINED SYMBOLS
                            *ABS*:0000000000000000 main.c
     /tmp/ccP6Vsm9.s:20     .text.MX_NVIC_Init:0000000000000000 $t
     /tmp/ccP6Vsm9.s:25     .text.MX_NVIC_Init:0000000000000000 MX_NVIC_Init
     /tmp/ccP6Vsm9.s:77     .text.calc_temp:0000000000000000 $t
     /tmp/ccP6Vsm9.s:83     .text.calc_temp:0000000000000000 calc_temp
     /tmp/ccP6Vsm9.s:136    .text.calc_temp:0000000000000048 $d
     /tmp/ccP6Vsm9.s:146    .text.HAL_ADC_ConvCpltCallback:0000000000000000 $t
     /tmp/ccP6Vsm9.s:152    .text.HAL_ADC_ConvCpltCallback:0000000000000000 HAL_ADC_ConvCpltCallback
     /tmp/ccP6Vsm9.s:182    .text.HAL_ADC_ConvCpltCallback:0000000000000014 $d
     /tmp/ccP6Vsm9.s:188    .text.HAL_TIM_PeriodElapsedCallback:0000000000000000 $t
     /tmp/ccP6Vsm9.s:194    .text.HAL_TIM_PeriodElapsedCallback:0000000000000000 HAL_TIM_PeriodElapsedCallback
     /tmp/ccP6Vsm9.s:230    .text.HAL_TIM_PeriodElapsedCallback:0000000000000018 $d
     /tmp/ccP6Vsm9.s:236    .text.HAL_UART_TxCpltCallback:0000000000000000 $t
     /tmp/ccP6Vsm9.s:242    .text.HAL_UART_TxCpltCallback:0000000000000000 HAL_UART_TxCpltCallback
     /tmp/ccP6Vsm9.s:278    .text.HAL_UART_TxCpltCallback:0000000000000018 $d
     /tmp/ccP6Vsm9.s:284    .text.Error_Handler:0000000000000000 $t
     /tmp/ccP6Vsm9.s:290    .text.Error_Handler:0000000000000000 Error_Handler
     /tmp/ccP6Vsm9.s:322    .text.SystemClock_Config:0000000000000000 $t
     /tmp/ccP6Vsm9.s:328    .text.SystemClock_Config:0000000000000000 SystemClock_Config
     /tmp/ccP6Vsm9.s:456    .text.SystemClock_Config:0000000000000080 $d
     /tmp/ccP6Vsm9.s:462    .rodata.main.str1.4:0000000000000000 $d
     /tmp/ccP6Vsm9.s:466    .text.main:0000000000000000 $t
     /tmp/ccP6Vsm9.s:472    .text.main:0000000000000000 main
     /tmp/ccP6Vsm9.s:573    .text.main:000000000000007c $d
     /tmp/ccP6Vsm9.s:614    .bss.tx_buff:0000000000000000 tx_buff
     /tmp/ccP6Vsm9.s:607    .bss.myTemp:0000000000000000 myTemp
     /tmp/ccP6Vsm9.s:600    .bss.cnv_cplt:0000000000000000 cnv_cplt
     /tmp/ccP6Vsm9.s:594    .bss.adc_val:0000000000000000 adc_val
     /tmp/ccP6Vsm9.s:590    .bss.adc_val:0000000000000000 $d
     /tmp/ccP6Vsm9.s:601    .bss.cnv_cplt:0000000000000000 $d
     /tmp/ccP6Vsm9.s:603    .bss.myTemp:0000000000000000 $d
     /tmp/ccP6Vsm9.s:610    .bss.tx_buff:0000000000000000 $d

UNDEFINED SYMBOLS
HAL_NVIC_SetPriority
HAL_NVIC_EnableIRQ
__aeabi_f2d
__aeabi_ddiv
__aeabi_dsub
__aeabi_dadd
HAL_GPIO_TogglePin
htim5
huart2
memset
HAL_RCC_OscConfig
HAL_RCC_ClockConfig
HAL_Init
MX_DMA_Init
MX_GPIO_Init
MX_ADC1_Init
MX_USART1_UART_Init
MX_USART2_UART_Init
MX_TIM2_Init
MX_TIM5_Init
HAL_TIM_Base_Start
HAL_TIM_Base_Start_IT
ARM GAS  /tmp/ccP6Vsm9.s 			page 36


HAL_ADC_Start_DMA
snprintf
HAL_UART_Transmit_DMA
htim2
hadc1
